ELECCION,nombres_candidato,apellido_paterno_candidato,apellido_materno_candidato,ESTADO,Observada
DIPUTADO,ABRAHAM ALBERT,COHEN,BENADAVA,APROBADA,NO
DIPUTADO,LUIS FELIPE,GARCIA,MERINO,APROBADA,NO
DIPUTADO,MARIO ALONSO,HORMAZABAL,NOVOA,APROBADA,NO
DIPUTADO,CLAUDIA ALEJANDRA,TAPIA,SAAVEDRA,RECHAZADA,NO
DIPUTADO,RIGOBERTO,VALDIVIA,ARAVENA,APROBADA,NO
DIPUTADO,MARIA SOLEDAD,VILLALON,BERRIOS,RECHAZADA,NO
DIPUTADO,MAURICIO RENE,RAMIREZ,DONDERS,APROBADA,NO
DIPUTADO,CECILIA DEL CARMEN,GONZALEZ,ANANIAS,RECHAZADA,NO
DIPUTADO,VICTORIA HAYDEE,SOTO,LOPEZ,APROBADA,NO
DIPUTADO,CLAUDIA ANDREA,TORRES,NAVARRO,RECHAZADA,NO
DIPUTADO,CYNTHIA LESLIE KAREN,BROUDISSOND,ARAYA,APROBADA,NO
DIPUTADO,BEATRICE IRINA,ONFRAY,LECREC,RECHAZADA,NO
DIPUTADO,LESLIE MANUEL,THORNTON,ABOITIZ,APROBADA,NO
DIPUTADO,SUSANA MABEL,YAÑEZ,BALAGUE,APROBADA,NO
DIPUTADO,CRISTIAN BERNARDO,ASTORGA,CANALES,APROBADA,SI
DIPUTADO,VERONICA,BECERRA,VERGARA,APROBADA,NO
SENADOR,PAMELA CHRISTI,BOLBARAN,BOLBARAN,APROBADA,NO
DIPUTADO,NATALIA FERNANDA,LEIVA,CEPEDA,RECHAZADA,NO
DIPUTADO,DANIELA PAZ,MOSCOSO,OYARZUN,RECHAZADA,NO
DIPUTADO,HARLET HEISLEBEN,PROBST,CAMPODONICO,APROBADA,NO
DIPUTADO,LIBERTAD ANGELA,MENDEZ,NUÑEZ,APROBADA,NO
DIPUTADO,PATRICIO,RUBIO,GARCIA,APROBADA,NO
DIPUTADO,JAVIER,WILDEN,ACOSTA,APROBADA,NO
DIPUTADO,FELIPE IGNACIO,VALDES,BOBADILLA,RECHAZADA,NO
DIPUTADO,FRANCISCA,RODRIGUEZ,GONZALEZ,APROBADA,NO
DIPUTADO,MADISON WALESKA,MIRANDA,CEA,APROBADA,NO
DIPUTADO,MARIA JOSE,TORRES,BARRIENTOS,APROBADA,NO
DIPUTADO,JESUS FERNANDO,GOMEZ,ORELLANA,RECHAZADA,NO
DIPUTADO,ESTEBAN ALBERTO,ASTUDILLO,HENRIQUEZ,APROBADA,NO
DIPUTADO,RODRIGO ANDRES,CABEZAS,VENEGAS,APROBADA,NO
DIPUTADO,IGNACIO,BUSTOS,SAEZ,APROBADA,NO
DIPUTADO,FRANCISCO,SANTANA,CARDENAS,APROBADA,NO
DIPUTADO,MATIAS ANDRES,ROSENDE,BRICEÑO,APROBADA,NO
DIPUTADO,MANUEL RODRIGO,CATALAN,REYES,RECHAZADA,NO
PRESIDENTE,JOSE ANTONIO,KAST,RIST,APROBADA,SI
DIPUTADO,JORGE LUIS,PASSADORE,SOTO,APROBADA,SI
DIPUTADO,JUAN DOMINGO,VILLAVICENCIO,PASTEN,APROBADA,NO
SENADOR,MONICA VALENTINA,GOMEZ,LIRA,APROBADA,NO
DIPUTADO,MAURICIO RENE,OYARCE,VERA,APROBADA,NO
DIPUTADO,CARLOS RICHARD,CASTRO,FUENTEALBA,RECHAZADA,NO
DIPUTADO,ORLANDO ARTURO,SEGOVIA,CACERES,RECHAZADA,NO
DIPUTADO,CATHERINE EUGENIA,CEBULJ,NAVARRETE,APROBADA,SI
DIPUTADO,JONATHAN STEPHANO,CHANDIA,ITURRA,APROBADA,SI
DIPUTADO,JEAN PIERRE,BONVALLET,SETTI,APROBADA,SI
DIPUTADO,HILDA FABIOLA,PINO,BASTIAS,RECHAZADA,NO
DIPUTADO,WALESKA LISSETTE,MORALES,MORALES,RECHAZADA,NO
DIPUTADO,KATIA ANDREA,TRUJILLO,HIDALGO,APROBADA,SI
DIPUTADO,ERICKA,ÑANCO,VASQUEZ,RECHAZADA,SI
DIPUTADO,MARIA PAZ,GOMEZ,ASENJO,APROBADA,NO
DIPUTADO,EDUARDO ALEXIS,TOLEDO,PINTO,APROBADA,SI
DIPUTADO,JANNIER ESTRELLA,GILBERTO,VERGARA,RECHAZADA,NO
DIPUTADO,PEDRO NOLASCO,VALENZUELA,PIFFAUT,APROBADA,SI
DIPUTADO,DAN,HORMACHEA,DE LA ROZA,APROBADA,SI
DIPUTADO,VALERIA BEATRIZ FANNY,ARANCIBIA,LUCO,APROBADA,SI
DIPUTADO,CRISTOPHER SEBASTIAN,AHUMADA,ESPINOZA,RECHAZADA,NO
DIPUTADO,MARIA NOELIA,MUÑOZ,PONTE,APROBADA,SI
PRESIDENTE,GABRIEL,BORIC,FONT,APROBADA,SI
DIPUTADO,ELIAS,VISTOSO,URRUTIA,APROBADA,SI
DIPUTADO,CARLOS,PARRA,MERINO,APROBADA,SI
DIPUTADO,HUGO,ORTIZ,DE FILIPPI,APROBADA,SI
DIPUTADO,CARLOS ROBERTO,TRAUB,GAINSBORG,APROBADA,SI
SENADOR,RABINDRANATH,QUINTEROS,LARA,APROBADA,SI
SENADOR,JOSE,PEREZ,ARRIAGADA,APROBADA,SI
SENADOR,JOSE MIGUEL,ORTIZ,NOVOA,APROBADA,SI
DIPUTADO,GONZALO FELIPE,GARCIA-HUIDOBRO,SEVERIN,APROBADA,NO
DIPUTADO,CARMEN ADELAIDA,HERTZ,CADIZ,APROBADA,SI
DIPUTADO,LEONARDO DANTE,SOLARI,ALCOTA,APROBADA,SI
DIPUTADO,MARIA LUISA,CORDERO,VELASQUEZ,APROBADA,SI
DIPUTADO,CARLOS,AMTMANN,MOYANO,APROBADA,SI
SENADOR,GUILLERMO LEON,TEILLIER,DEL VALLE,APROBADA,SI
DIPUTADO,MINERVA BEATRIZ,CAMPODONICO,SALUZZI,APROBADA,SI
DIPUTADO,VICTOR BENEDICTO,MIRANDA,MARIN,RECHAZADA,NO
DIPUTADO,JAIME ALFREDO,PERRY,JUNGK,APROBADA,SI
SENADOR,ZAIDA REBECA,FALCES,SALAZAR,APROBADA,SI
DIPUTADO,MIRIAM ANA JOSEFINA,SEÑORET,SOTO,APROBADA,SI
DIPUTADO,PABLO,HERDENER,TRUAN,APROBADA,SI
DIPUTADO,ANTONIO,STUARDO,PINEDA,APROBADA,SI
DIPUTADO,JORGE,CABEZAS,CORTES,APROBADA,SI
DIPUTADO,BERNARDO JOSE,BERGER,FETT,APROBADA,SI
DIPUTADO,RENATO,HAURI,GOMEZ,APROBADA,SI
DIPUTADO,DANIEL,LILAYU,VIVANCO,APROBADA,SI
DIPUTADO,LAUTARO CESAR,CARMONA,SOTO,APROBADA,SI
DIPUTADO,RAMON FERNANDO,GRIFFERO,SANCHEZ,APROBADA,SI
SENADOR,FRESIA MONICA,QUILODRAN,RAMOS,APROBADA,SI
DIPUTADO,JAVIER ADRIAN,GONZALEZ,VERGARA,APROBADA,NO
DIPUTADO,WALTER ALDO,WOJCIECHOWSKI,ZARA,APROBADA,SI
DIPUTADO,HELIA,MOLINA,MILMAN,APROBADA,SI
SENADOR,ADRIANA,MUÑOZ,DALBORA,APROBADA,SI
DIPUTADO,MERCEDES,BULNES,NUÑEZ,APROBADA,SI
DIPUTADO,JAIME,NARANJO,ORTIZ,APROBADA,NO
DIPUTADO,LUCIANO,VALLE,ACEVEDO,APROBADA,SI
SENADOR,SAMUEL ABELARDO,JIMENEZ,MORAGA,APROBADA,SI
DIPUTADO,JACQUELINE,SAINTARD,VERA,APROBADA,SI
SENADOR,RICARDO FERNANDO,ORTEGA,PERRIER,APROBADA,SI
DIPUTADO,JOSE ANTONIO,CARVALLO,CASTRO,RECHAZADA,NO
DIPUTADO,FELIPE,LETELIER,NORAMBUENA,APROBADA,SI
PRESIDENTE,EDUARDO,ARTES,BRICHETTI,APROBADA,SI
DIPUTADO,MARTA,FREZ,AVILA,APROBADA,SI
DIPUTADO,AMARO JAMIL JESUS,LABRA,SEPULVEDA,APROBADA,SI
DIPUTADO,TOMAS,HIRSCH,GOLDSCHMIDT,APROBADA,SI
DIPUTADO,ARTURO,MOLINA,HENRIQUEZ,APROBADA,SI
DIPUTADO,CARMEN PATRICIA,IBAÑEZ,SOTO,APROBADA,SI
SENADOR,IVAN,MOREIRA,BARROS,APROBADA,SI
DIPUTADO,DANIEL,PRIETO,VIAL,APROBADA,SI
SENADOR,CATERINA TERESA,SIMONCELLI,FRACCHIA,APROBADA,SI
DIPUTADO,ROLANDO,RENTERIA,MOLLER,APROBADA,SI
SENADOR,VIRGINIA EUGENIA,TRONCOSO,HELLMAN,APROBADA,SI
DIPUTADO,DELIA ALICIA,PARDO,ARANEDA,APROBADA,SI
DIPUTADO,NINO,BALTOLU,RASERA,APROBADA,SI
DIPUTADO,BERTA DEL CARMEN,DE LA FUENTE,VALENZUELA,APROBADA,SI
DIPUTADO,JOSE,VALLEJO,KNOCKAERT,APROBADA,NO
DIPUTADO,GASTON,VON MUHLENBROCK,ZAMORA,APROBADA,SI
SENADOR,CARLOS IGNACIO,KUSCHEL,SILVA,APROBADA,SI
DIPUTADO,LUIS MIGUEL,BURGOS,SANHUEZA,APROBADA,SI
DIPUTADO,RAMON ERNESTO,GALLEGUILLOS,CASTILLO,APROBADA,SI
DIPUTADO,PAUL ALEXANDER,SFEIR,RUBIO,APROBADA,SI
DIPUTADO,CHRISTIAN,MATHESON,VILLAN,APROBADA,SI
DIPUTADO,MIGUEL ALEJANDRO,MELLADO,SUAZO,APROBADA,SI
DIPUTADO,PATRICIO ALEJANDRO,TOLEDO,LOBOS,APROBADA,SI
DIPUTADO,MARCELA JOVINA,TORRECILLA,HENRIQUEZ,APROBADA,SI
DIPUTADO,CARLOS ALBERTO,MELLA,LATORRE,APROBADA,SI
SENADOR,GASTON,SAAVEDRA,CHANDIA,APROBADA,SI
DIPUTADO,DANIEL,VERDESSI,BELEMMI,APROBADA,SI
DIPUTADO,CARLOS,SOTO,GUTIERREZ,APROBADA,SI
DIPUTADO,ROSA GUILLERMINA,CATRILEO,ARANEDA,APROBADA,SI
DIPUTADO,MARIA CANDELARIA,ACEVEDO,SAEZ,APROBADA,SI
DIPUTADO,PABLO SANTIAGO,ASTETE,MERMOUD,APROBADA,SI
DIPUTADO,DALVA DE LOS ANGELES,CEPEDA,CASTRO,APROBADA,SI
SENADOR,HILDA DEL CARMEN,CERDA,ESPINDOLA,APROBADA,SI
PRESIDENTE,FRANCO,PARISI,FERNANDEZ,APROBADA,SI
SENADOR,VERONICA PILAR,PARDO,LAGOS,APROBADA,SI
DIPUTADO,ALBAN,MANCILLA,DIAZ,APROBADA,SI
SENADOR,JOSE ANTONIO,GOMEZ,URRUTIA,APROBADA,SI
DIPUTADO,EVELYN GUILLERMINA,ZOTTELE,GARCIA,APROBADA,SI
SENADOR,IVAN,FLORES,GARCIA,APROBADA,SI
DIPUTADO,JUAN ALBERTO,MENA,JIL,APROBADA,SI
DIPUTADO,XIMENA,OSSANDON,IRARRAZABAL,APROBADA,SI
DIPUTADO,EVA TERESA,PORTALES,PIÑONES,APROBADA,SI
DIPUTADO,EUGENIO SAMUEL,DARRIGRANDE,PIZARRO,APROBADA,SI
DIPUTADO,PABLO SAMUEL,PRIETO,LORCA,APROBADA,SI
DIPUTADO,PILAR,GINESTA,BASCUÑAN,APROBADA,SI
DIPUTADO,MARIA PIA,MARINOVIC,MERINO,APROBADA,SI
DIPUTADO,MARIA PAULINA,MAYO,DE GOYENECHE,APROBADA,SI
SENADOR,MANUEL JOSE,OSSANDON,IRARRAZABAL,APROBADA,SI
DIPUTADO,LUIS RAFAEL,PARDO,SAINZ,APROBADA,SI
DIPUTADO,ANA MARIA,GAZMURI,VIEIRA,APROBADA,SI
DIPUTADO,ORIELE MARIA EUGENIA,NUÑEZ,SERRANO,APROBADA,SI
DIPUTADO,GUSTAVO,BENAVENTE,VERGARA,APROBADA,SI
DIPUTADO,GONZALO ARMANDO,DE LA CARRERA,CORREA,APROBADA,SI
DIPUTADO,ELIA JACQUELINE,ROMERO,OLAVE,APROBADA,SI
DIPUTADO,MARIA VERONICA CHELITA,WELKNER,BALLAS,APROBADA,NO
DIPUTADO,ALVARO,ERAZO,LATORRE,APROBADA,SI
SENADOR,JAN JOSE,CADEMARTORI,DUJISIN,APROBADA,SI
DIPUTADO,EULOGIA,LAVIN,INFANTE,APROBADA,SI
DIPUTADO,GLORIA,NAVEILLAN,ARRIAGADA,APROBADA,SI
DIPUTADO,REBECA,TALA,ARNECHINO,APROBADA,NO
DIPUTADO,CATALINA,DEL REAL,MIHOVILOVIC,APROBADA,SI
DIPUTADO,ANGELICA,GALLEGOS,TOLEDO,APROBADA,NO
DIPUTADO,MARIA ANGELICA,OJEDA,GONZALEZ,APROBADA,SI
DIPUTADO,FRESIA MARIA,SEPULVEDA,HANCKES,APROBADA,SI
SENADOR,JAIME,MAÑALICH,MUXI,APROBADA,SI
SENADOR,SANDRA,AMAR,MANCILLA,APROBADA,SI
DIPUTADO,ELIANA DE LOURDES,ROJAS,BUGUEÑO,APROBADA,SI
DIPUTADO,LEONIDAS ANDRES,ROMERO,SAEZ,APROBADA,SI
DIPUTADO,CLARA INES,SAGARDIA,CABEZAS,APROBADA,SI
DIPUTADO,ERTO,PANTOJA,GUTIERREZ,APROBADA,NO
DIPUTADO,LUIS,GARRIDO,AMPUERO,APROBADA,SI
DIPUTADO,RODRIGO,BRAVO,VALENZUELA,APROBADA,SI
DIPUTADO,VITTORIO,VALDES,CORON,APROBADA,SI
DIPUTADO,JUAN DE DIOS,PARRA,SEPULVEDA,APROBADA,SI
SENADOR,IVAN,NORAMBUENA,FARIAS,APROBADA,SI
DIPUTADO,CARLOS,FLORES,NAVARRETE,APROBADA,SI
DIPUTADO,PABLO,MALTES,BISKUPOVIC,APROBADA,SI
DIPUTADO,DAVID ALBERTO,ZAMBRANO,GARAY,APROBADA,SI
DIPUTADO,JAIRO MIGUEL,QUINTEROS,RODRIGUEZ,APROBADA,SI
SENADOR,JAVIER,HERNANDEZ,HERNANDEZ,APROBADA,SI
DIPUTADO,MARIA CRISTOBALINA DEL CARMEN,SEPULVEDA,CHACON,RECHAZADA,NO
DIPUTADO,CARLOS ALFONSO,ARELLANO,GAJARDO,APROBADA,SI
SENADOR,JULIO GASTON,CONTRERAS,MUÑOZ,APROBADA,SI
SENADOR,RAMON,BARROS,MONTERO,APROBADA,SI
DIPUTADO,LUIS EDUARDO,HENRIQUEZ,FLORES,APROBADA,SI
DIPUTADO,CARLOS,BIANCHI,CHELECH,APROBADA,SI
DIPUTADO,PATRICIO EDUARDO,ROSAS,BARRIENTOS,APROBADA,SI
DIPUTADO,PILAR,FARFAN,VILLAGRA,APROBADA,NO
SENADOR,FERNANDA,HEDERRA,WILLIAMS,APROBADA,SI
SENADOR,GONZALO DANIEL,MARTNER,FANTA,APROBADA,SI
DIPUTADO,HECTOR BERNARDO,POBLETE,BELTRAN,APROBADA,SI
DIPUTADO,CHRISTIAN LEOPOLDO,AGUIRRE,BASULTO,APROBADA,SI
DIPUTADO,ALFREDO ANTONIO,BRUNA,ORELLANA,APROBADA,SI
DIPUTADO,BERTA DEL CARMEN,MONTECINOS,DURAN,APROBADA,SI
DIPUTADO,SEBASTIAN,CRISTI,ALFONSO,APROBADA,SI
DIPUTADO,CLAUDIO IVAN,GALARCE,GONZALEZ,APROBADA,NO
DIPUTADO,OMAR,ORTIZ,CONCHA,APROBADA,SI
DIPUTADO,PATRICIO EDUARDO,HASBUN,CHARAD,APROBADA,SI
SENADOR,RAFAEL ALEJANDRO,ARAVENA,EGAÑA,APROBADA,SI
SENADOR,DANIEL,GUEVARA,CORTES,APROBADA,SI
DIPUTADO,NANCY CRISTINA,NICUL,LINCOLEO,APROBADA,NO
DIPUTADO,CLAUDIO EUGENIO,ARRIAGADA,MACAYA,APROBADA,SI
DIPUTADO,JORGE,CASTRO,MUÑOZ,APROBADA,SI
DIPUTADO,NILSA ELCIRA,GUZMAN,PALMA,APROBADA,SI
DIPUTADO,MARCELA PAZ,DIAZ DE VALDES,BALBONTIN,APROBADA,SI
DIPUTADO,RENE LUIS,NARANJO,SOTOMAYOR,APROBADA,SI
SENADOR,ALVARO EMILIO,PEZOA,BISSIERES,APROBADA,SI
DIPUTADO,FLOR,WEISSE,NOVOA,APROBADA,SI
DIPUTADO,CHRISTIAN OSCAR,SLATER,ESCANILLA,APROBADA,SI
DIPUTADO,LUIS,ROCAFULL,LOPEZ,APROBADA,SI
DIPUTADO,MARIO ISAIAS,SADOVNIK,ENGEL,APROBADA,SI
DIPUTADO,JAIME MAURICIO,JELINCIC,AGUILAR,APROBADA,SI
DIPUTADO,LUIS ALEJANDRO,CATRILEO,GAETE,APROBADA,SI
DIPUTADO,MARCOS HECTOR,NAVARRETE,GUERIN,APROBADA,SI
DIPUTADO,MAURICIO,CONCHA,ALARCON,APROBADA,SI
DIPUTADO,MARIA ANGELICA,CORNEJO,ZUÑIGA,APROBADA,SI
SENADOR,JUAN LUIS,CASTRO,GONZALEZ,APROBADA,SI
SENADOR,ALEJANDRO JUAN,KUSANOVIC,GLUSEVIC,APROBADA,SI
DIPUTADO,CRISTOBAL,ORREGO,SANCHEZ,APROBADA,SI
DIPUTADO,SERGIO,BOBADILLA,MUÑOZ,APROBADA,SI
SENADOR,JORGE,SABAG,VILLALOBOS,APROBADA,SI
SENADOR,MERCEDES DEL CARMEN,BRAVO,VALENZUELA,APROBADA,SI
DIPUTADO,MIGUEL ANGEL,BECKER,ALVEAR,APROBADA,SI
DIPUTADO,ALEJANDRA,MOLINA,TOBAR,APROBADA,NO
SENADOR,MARGOT,CARDENAS,SANDOVAL,APROBADA,SI
DIPUTADO,HUGO,CAUTIVO,BALTIERRA,APROBADA,SI
DIPUTADO,MARIA VICTORIA,TORRES,SANDOVAL,APROBADA,SI
DIPUTADO,FREDDY REINALDO,BLANC,SPERBERG,APROBADA,SI
DIPUTADO,JOSE MIGUEL,URRUTIA,CELIS,APROBADA,SI
DIPUTADO,ELISA,TRIVIÑO,MANCILLA,APROBADA,NO
DIPUTADO,JORGE,LOPEZ,PINO,APROBADA,SI
DIPUTADO,LUIS RICARDO,LEGAZA,SOTO,APROBADA,SI
DIPUTADO,MARIA ESTER,MUNNIER,SOTO,APROBADA,SI
DIPUTADO,VIVIANA,MONTECINOS,SUAZO,APROBADA,SI
DIPUTADO,HECTOR,SANTOS,VILLABLANCA,APROBADA,SI
DIPUTADO,HARRY,JURGENSEN,RUNDSHAGEN,APROBADA,SI
DIPUTADO,JORGE,SAFFIRIO,ESPINOZA,APROBADA,SI
DIPUTADO,ROBERTO,VILLAGRA,REYES,APROBADA,SI
DIPUTADO,CLAUDIA ELENA,LILLO,ECHEVERRIA,APROBADA,SI
DIPUTADO,SACHA,RAZMILIC,BURGOS,APROBADA,SI
DIPUTADO,HERNAN,PALMA,PEREZ,APROBADA,NO
DIPUTADO,PAULO,DE LA FUENTE,PAREDES,APROBADA,SI
DIPUTADO,COSME,MELLADO,PINO,APROBADA,SI
DIPUTADO,MARCIA,RAPHAEL,MORA,APROBADA,SI
DIPUTADO,EDUARDO EUGENIO,SALGADO,REYES,APROBADA,SI
DIPUTADO,LILIANA,MUÑOZ,HERNANDEZ,APROBADA,SI
DIPUTADO,PAULINA TERESA,BRAVO,GUZMAN,APROBADA,SI
DIPUTADO,CLAUDIA CAROLINA,LATORRE,ARAVENA,APROBADA,SI
DIPUTADO,MARIA SOLEDAD,HURTADO,ARELLANO,APROBADA,NO
DIPUTADO,MANUEL ANTONIO,LOPEZ,MIRANDA,APROBADA,SI
DIPUTADO,VICTOR EDUARDO,IBACACHE,ESTAY,APROBADA,SI
SENADOR,CESAR ANTONIO,ARAYA,GARCIA,APROBADA,SI
DIPUTADO,LUIS ADOLFO,JIMENEZ,VALDERRAMA,APROBADA,SI
DIPUTADO,RICARDO ALFREDO,GIERKE,CORREA,APROBADA,SI
SENADOR,EUGENIO,ORTEGA,FREI,APROBADA,SI
DIPUTADO,CESAR ABRAHAM,SUAY,JEREZ,APROBADA,SI
DIPUTADO,ROSEMBERG FRANCIS,HERNANDEZ,BELLO,APROBADA,SI
SENADOR,MARCELA,HERNANDO,PEREZ,APROBADA,SI
DIPUTADO,CATALINA,CHAPPUZEAU,LOPEZ,APROBADA,SI
DIPUTADO,CRISTHIAN,MOREIRA,BARROS,APROBADA,SI
DIPUTADO,ALEXIS GERMAN,ORMEÑO,SILVA,APROBADA,SI
DIPUTADO,MANUEL ENRIQUE,MUÑOZ,PALACIOS,APROBADA,NO
DIPUTADO,LORENA,FRIES,MONLEON,APROBADA,SI
DIPUTADO,YOLANDA,PIZARRO,CARMONA,APROBADA,SI
DIPUTADO,JULIO,SALAS,GUTIERREZ,APROBADA,SI
DIPUTADO,EWALD ENRIQUE,MEYER,MONSALVE,APROBADA,SI
SENADOR,ABRAHAM GONZALO,LARRONDO,VEGA,APROBADA,SI
SENADOR,JUAN DEL KARANO,MARQUEZ,BORQUEZ,APROBADA,SI
DIPUTADO,RENE,ALINCO,BUSTOS,APROBADA,SI
DIPUTADO,VERONICA DEL PILAR,NUÑEZ,BARRA,APROBADA,SI
SENADOR,MONICA INES,QUIROZ,REYES,APROBADA,SI
DIPUTADO,HUGO ORLANDO,MORALES,SILVA,APROBADA,SI
DIPUTADO,JAIME RODOLFO,FICA,CARRASCO,APROBADA,SI
PRESIDENTE,YASNA,PROVOSTE,CAMPILLAY,APROBADA,SI
SENADOR,RODRIGO IGNACIO,SILVA,ALFARO,APROBADA,SI
DIPUTADO,TIRSO,GONZALEZ,ALQUINTA,APROBADA,SI
DIPUTADO,CHRISTEL,FELMER,VALDIVIELSO,APROBADA,SI
SENADOR,BEATRIZ,MATURANA,COSSIO,APROBADA,SI
DIPUTADO,LUIS EDUARDO,ARRIAZA,VILLALON,APROBADA,SI
DIPUTADO,SOLEDAD ESTELA,CUESTA,VALLEJOS,APROBADA,SI
DIPUTADO,FABRICIO,VENEGAS,OLIVARES,APROBADA,SI
SENADOR,JUAN JOSE CLAUDIO,ARCOS,SRDANOVIC,APROBADA,SI
DIPUTADO,GRACIELA AIDA,DIAZ,MERUBIA,APROBADA,SI
SENADOR,NINEN,GOMEZ,VILLEGAS,APROBADA,SI
SENADOR,GABRIEL,SILBER,ROMO,APROBADA,SI
DIPUTADO,CLARA,OLIVARES,ARAYA,APROBADA,SI
DIPUTADO,INGRID,SCHETTINO,PINTO,APROBADA,SI
DIPUTADO,ROSANNA MARIA,GARCIA,CHEVECICH,APROBADA,SI
DIPUTADO,CAROLINA,CUCUMIDES,CALDERON,APROBADA,SI
DIPUTADO,PAMELA,BONGAIN,ACEVEDO,APROBADA,SI
SENADOR,FABIOLA,MOYA,SANDOVAL,APROBADA,NO
DIPUTADO,MANUEL JESUS,OLIVA,PEREZ,APROBADA,SI
DIPUTADO,JORGE MANUEL,PALMA,ACUÑA,APROBADA,SI
SENADOR,JACQUELINE,VAN RYSSELBERGHE,HERRERA,APROBADA,SI
DIPUTADO,RODRIGO IVAN,CORDOVA,SEGUEL,APROBADA,NO
DIPUTADO,LUIS HERNAN,SOTO,POBLETE,APROBADA,SI
DIPUTADO,VANESSA,FERRER,RADOVICH,APROBADA,SI
SENADOR,LUIS MAURICIO,PROBOSTE,MUÑOZ,APROBADA,SI
DIPUTADO,ANDRES,MOLINA,MAGOFKE,APROBADA,SI
DIPUTADO,PAMELA,JILES,MORENO,APROBADA,SI
DIPUTADO,JAIME,COLOMA,TIRAPEGUI,APROBADA,SI
DIPUTADO,MARCELA PAT,GONZALEZ,PAREDES,APROBADA,SI
DIPUTADO,DINO PAOLO,CAVALETTO,FLORES,APROBADA,SI
DIPUTADO,GABRIELA INES,GALLARDO,FUENTES,APROBADA,SI
DIPUTADO,MONICA,SANCHEZ,ACEITUNO,APROBADA,SI
SENADOR,CARLOS GERALDO,ITURRIETA,CLOBARES,APROBADA,SI
DIPUTADO,EDUARDO ALFONSO,BARRA,JOFRE,APROBADA,SI
DIPUTADO,MARCO ANTONIO,BRAUCHY,CASTILLO,APROBADA,SI
DIPUTADO,DENIS RENZO ARIEL,BARRIA,GONZALEZ,APROBADA,NO
DIPUTADO,VERONICA,MOLINA,RETAMAL,APROBADA,SI
DIPUTADO,MARCELO ANDRES,ZARA,PIZARRO,APROBADA,SI
DIPUTADO,CESAR AUGUSTO,VARGAS,ZURITA,APROBADA,SI
DIPUTADO,JAIME,MULET,MARTINEZ,APROBADA,SI
DIPUTADO,LUIS,SILVA,IRARRAZAVAL,APROBADA,SI
DIPUTADO,ROSSANA,DIAZ,CORRO,APROBADA,SI
DIPUTADO,FERNANDO,BORQUEZ,MONTECINOS,APROBADA,NO
DIPUTADO,LUIS ALBERTO,ACUÑA,CASTILLO,APROBADA,SI
SENADOR,ALFONSO,DE URRESTI,LONGTON,APROBADA,SI
SENADOR,SEBASTIAN,KEITEL,BIANCHI,APROBADA,SI
DIPUTADO,SEBASTIAN,MILOS,MONTES,APROBADA,SI
DIPUTADO,JUAN EDUARDO,BAEZA,CARRASCO,APROBADA,SI
DIPUTADO,JUAN FRANCISCO,FRITIS,CARRIZO,APROBADA,SI
DIPUTADO,ARTURO BERNARDO,GRANDON,ARREDONDO,APROBADA,SI
DIPUTADO,MARCELA PAZ,CANALES,HIPP,APROBADA,SI
DIPUTADO,CRISTIAN MIGUEL,INOSTROZA,SUAREZ,APROBADA,SI
DIPUTADO,RODRIGO,BRAVO,BUSTOS,APROBADA,NO
SENADOR,VICTORIA,ORTIZ,VERA,APROBADA,SI
DIPUTADO,GERARDO,MUÑOZ,RIQUELME,APROBADA,SI
DIPUTADO,HUGO DEL CARMEN,ARIAS,GONZALEZ,APROBADA,SI
DIPUTADO,RICARDO,CIFUENTES,LILLO,APROBADA,SI
DIPUTADO,ROSA ESTER,ARIAS,SOLIS,APROBADA,NO
SENADOR,SERGIO ARNOLDO,ROJAS,TAPIA,APROBADA,SI
DIPUTADO,FACUNDO,MIRO,TAPIA,APROBADA,SI
SENADOR,MARIO ARTURO,LEYTON,BRAVO,APROBADA,NO
DIPUTADO,CARLOS,THENOUX,CIUDAD,APROBADA,SI
DIPUTADO,VICTOR HUGO,CASTAÑEDA,VARGAS,APROBADA,SI
DIPUTADO,JUAN CARLOS,BELTRAN,SILVA,APROBADA,SI
DIPUTADO,FIDEL OSCAR,ARENAS,PIZARRO,APROBADA,SI
DIPUTADO,MAURICIO DAVID,RIOS,NAVARRETE,APROBADA,SI
DIPUTADO,RAYKO ALEJANDRO,KARMELIC,PAVLOV,APROBADA,SI
DIPUTADO,OSVALDO FRANCISCO,SOTGIU,QUIJADA,APROBADA,NO
DIPUTADO,CARLOS,ORTEGA,AEDO,APROBADA,NO
SENADOR,MARIA ANGELICA,OJEDA,SANHUEZA,APROBADA,SI
DIPUTADO,ROBERTO ENRIQUE,ARROYO,MUÑOZ,APROBADA,SI
DIPUTADO,GABRIEL ANTONIO,GATICA,SOTOMAYOR,APROBADA,SI
DIPUTADO,DAVID,PAILLAN,CONEY,APROBADA,SI
SENADOR,ESTEBAN,VELASQUEZ,NUÑEZ,APROBADA,SI
DIPUTADO,CAROLINA,MARZAN,PINTO,APROBADA,SI
DIPUTADO,ANA MARIA,MOLINA,VILLARREAL,APROBADA,SI
DIPUTADO,PATRICIA LILIANA,VIVAR,VIVAR,APROBADA,NO
DIPUTADO,ALLYSON,RICHASSE,RUBIO,APROBADA,SI
DIPUTADO,LETICIA DEL CARMEN,ZUÑIGA,SILVA,APROBADA,SI
SENADOR,MARIA IDILIA,GATICA,GAJARDO,APROBADA,SI
DIPUTADO,JUAN MANUEL,FUENZALIDA,COBO,APROBADA,SI
DIPUTADO,RICARDO,INALEF,MORA,APROBADA,SI
SENADOR,SERGIO,GAHONA,SALAZAR,APROBADA,SI
DIPUTADO,MARIA VICTORIA,NEGRETE,MENDEZ,APROBADA,SI
DIPUTADO,RICARDO,GEORGES,CID,APROBADA,NO
DIPUTADO,JUAN CARLOS,GOMEZ,ESCOBAR,APROBADA,SI
DIPUTADO,SUSANA,CORDOVA,RODRIGUEZ,APROBADA,SI
DIPUTADO,MARIA DE LOS ANGELES,DE LA PAZ,RIVEROS,APROBADA,SI
DIPUTADO,PATRICIO,PALMA,MOLINA,APROBADA,SI
DIPUTADO,CLAUDIO FABIAN,ETCHEVERS,FLORES,APROBADA,SI
DIPUTADO,ENRIQUE SEGUNDO,LEE,FLORES,APROBADA,SI
DIPUTADO,ANGEL CUSTODIO,JADUE,PICHARA,APROBADA,SI
DIPUTADO,CRISTIAN,ARANGUIZ,SALAZAR,APROBADA,SI
DIPUTADO,CRISTHIAN,LAGOS,PALMA,APROBADA,SI
DIPUTADO,MARIA TRINIDAD,ARAYA,ORTEGA,APROBADA,SI
DIPUTADO,NIEVES DEL CARMEN,RAIN,CAYUN,APROBADA,SI
DIPUTADO,LUIS HUMBERTO,ARAVENA,EGAÑA,APROBADA,SI
DIPUTADO,MARIO ENRIQUE,FAJARDO,PEREZ,APROBADA,NO
DIPUTADO,HILARIO,HUIRILEF,BARRA,APROBADA,NO
DIPUTADO,NATACHA ODETTE,RIVAS,MORALES,APROBADA,SI
DIPUTADO,ANGELICA,CID,VENEGAS,APROBADA,SI
DIPUTADO,ELADIO,ROJAS,VERGARA,APROBADA,NO
DIPUTADO,ANA MARIA,ARIAS,AGURTO,APROBADA,NO
DIPUTADO,RODRIGO ANDRES,VATTUONE,GARCES,APROBADA,SI
DIPUTADO,JOEL,MOYA,MORALES,APROBADA,SI
SENADOR,DANIEL,NUÑEZ,ARANCIBIA,APROBADA,SI
DIPUTADO,ROCIO DEL PILAR,FAUNDEZ,GARCIA,APROBADA,SI
DIPUTADO,FANNY CAROLINA,KEYER,QUIROZ,APROBADA,SI
DIPUTADO,FABIOLA ROSA,MATURANA,VIELMA,APROBADA,SI
DIPUTADO,RITA MARIA,HOJAS,ESCRICH,APROBADA,SI
DIPUTADO,MARCO ANTONIO,SULANTAY,OLIVARES,APROBADA,SI
DIPUTADO,AUCAN,HUILCAMAN,PAILLAMA,APROBADA,SI
DIPUTADO,PABLO ALBERTO,DIAZ,SALAZAR,APROBADA,SI
DIPUTADO,DARKO ALEXANDAR,PERIC,VON BERGEN,APROBADA,SI
DIPUTADO,IRENE ANDREA,LJUBETIC,VILLANUEVA,APROBADA,SI
DIPUTADO,KARINA ALEJANDRA,ACEVEDO,AUAD,APROBADA,SI
SENADOR,LUCIANO,CRUZ-COKE,CARVALLO,APROBADA,SI
DIPUTADO,ALBERTO,UNDURRAGA,VICUÑA,APROBADA,SI
SENADOR,ALEJANDRO,SANTANA,TIRACHINI,APROBADA,SI
SENADOR,NATALIA,PIERGENTILI,DOMENECH,APROBADA,SI
DIPUTADO,JUAN JACOBO,TANCARA,CHAMBE,APROBADA,SI
DIPUTADO,KARIN PAMELA,CONTRERAS,MURTSCHWA,APROBADA,SI
SENADOR,ALEJANDRA,SEPULVEDA,ORBENES,APROBADA,SI
DIPUTADO,MABEL LUCILA,ZUÑIGA,VALENCIA,APROBADA,SI
DIPUTADO,FUAD,HAMED,SLEMAN,APROBADA,SI
DIPUTADO,PAOLA MARIA,VILLEGAS,DELGADO,APROBADA,NO
DIPUTADO,CLAUDIO,POBLETE,DURAN,APROBADA,NO
DIPUTADO,ELENA MARISOL,VARELA,LOPEZ,APROBADA,NO
DIPUTADO,HECTOR ORLANDO,MONTECINOS,SANDOVAL,APROBADA,NO
DIPUTADO,MARCOS,EMILFORK,KONOW,APROBADA,SI
DIPUTADO,DELIA NORMA,CONDORI,FLORES,APROBADA,SI
DIPUTADO,JULIO,OLIVA,GARCIA,APROBADA,SI
DIPUTADO,CRISTIAN HERNANDO,TAPIA,RAMOS,APROBADA,SI
DIPUTADO,ALEXIS,SEPULVEDA,SOTO,APROBADA,SI
DIPUTADO,MARIA TERESA,ALVAREZ,AGUILAR,APROBADA,SI
DIPUTADO,SUSANA,HERRERA,QUEZADA,APROBADA,SI
SENADOR,PEDRO ANTONIO,VELASQUEZ,SEGUEL,APROBADA,SI
DIPUTADO,MATIAS JOSE,DEL REAL,RICHASSE,APROBADA,SI
DIPUTADO,RICARDO ENRIQUE,BRITO,GALARCE,APROBADA,SI
DIPUTADO,ERIC,AEDO,JELDRES,APROBADA,SI
DIPUTADO,MARIA SOLANGE,ETCHEPARE,LACOSTE,APROBADA,SI
DIPUTADO,GONZALO GUILLERMO,FUENZALIDA,FIGUEROA,APROBADA,SI
DIPUTADO,MARIA LORETO,RETAMAL,GRIMBERG,APROBADA,SI
PRESIDENTE,SEBASTIAN,SICHEL,RAMIREZ,APROBADA,SI
SENADOR,ESTEBAN,VILCHEZ,CELIS,APROBADA,SI
DIPUTADO,ALFONSO ERNESTO,BARRIL,AGUERO,APROBADA,SI
DIPUTADO,ALEJANDRA,CARREÑO,PEREZ,APROBADA,SI
SENADOR,OSCAR MAURICIO,MENARES,HERNANDEZ,APROBADA,SI
DIPUTADO,NELSON NICOLAS,PEÑA,GALLARDO,APROBADA,SI
DIPUTADO,FERNANDO,NEIRA,PEZOA,APROBADA,SI
DIPUTADO,LILIAN DE LAS MERCEDES,DINAMARCA,MUÑOZ,APROBADA,SI
DIPUTADO,MAXIMILIANO ULISES,CARCAMO,GONZALEZ,APROBADA,SI
DIPUTADO,FRANCISCO,UNDURRAGA,GAZITUA,APROBADA,SI
DIPUTADO,DORIS NELLY,SANDOVAL,MIRANDA,APROBADA,SI
DIPUTADO,JOSE MIGUEL,CASTRO,BASCUÑAN,APROBADA,SI
DIPUTADO,MANUEL,PAINIQUEO,TRAGNOLAO,APROBADA,SI
DIPUTADO,MANUEL ALEJANDRO,CORRALES,GONZALEZ,APROBADA,SI
DIPUTADO,CLAUDIO FRANCISCO,RIVAS,CARRASCO,APROBADA,SI
DIPUTADO,LEANDRO PATRICIO,CORTEZ,FRIAS,APROBADA,SI
DIPUTADO,FRANCISCO,GUTIERREZ,FIGUEROA,APROBADA,NO
DIPUTADO,LIZ NATALIA,CASANUEVA,MENDEZ,APROBADA,SI
DIPUTADO,HUGO,BOZA,VALDENEGRO,APROBADA,SI
DIPUTADO,ELIZABETH,MUJICA,ZEPEDA,APROBADA,NO
DIPUTADO,JORGE,GARCIA,MALHERBE,APROBADA,SI
DIPUTADO,CHRISTIAN,CAMUS,ACEVEDO,APROBADA,SI
DIPUTADO,MARIA VIOLETA,SILVA,CAJAS,APROBADA,SI
DIPUTADO,ARNOLDO,ÑANCULEF,HUAIQUINAO,APROBADA,SI
DIPUTADO,MARIA SOLEDAD,CASTILLO,HENRIQUEZ,APROBADA,SI
DIPUTADO,ALEX ORLANDO,BRUCHER,HERMOSILLA,APROBADA,SI
DIPUTADO,RODRIGO,ALBORNOZ,POLLMANN,APROBADA,SI
DIPUTADO,JORGE,RATHGEB,SCHIFFERLI,APROBADA,SI
SENADOR,SAYONARA,YAÑEZ,BARRIA,APROBADA,SI
DIPUTADO,CAROLINA,FERNANDEZ,GONZALEZ,APROBADA,SI
DIPUTADO,MINERVA,CASTAÑEDA,MELIÑAN,APROBADA,SI
DIPUTADO,LORENA,PIZARRO,SIERRA,APROBADA,SI
SENADOR,GUSTAVO ADOLFO,SANHUEZA,DUEÑAS,APROBADA,SI
DIPUTADO,CARLOS ROBERTO,LEZAETA,CABRERA,APROBADA,SI
DIPUTADO,PATRICIO,MUÑOZ,CARDENAS,APROBADA,SI
DIPUTADO,TATIANA ROSA,MARIN,OLIVA,APROBADA,SI
DIPUTADO,ARTURO,SANCHEZ,GATICA,APROBADA,SI
DIPUTADO,EMMA PATRICIA,CIFUENTES,BARRIENTOS,APROBADA,SI
DIPUTADO,JORGE ENRIQUE,DE LA MAZA,SCHLEYER,APROBADA,SI
DIPUTADO,MARGARITA,MORALES,VALERO,APROBADA,NO
DIPUTADO,LEONARDO,SOTO,FERRADA,APROBADA,SI
DIPUTADO,SEBASTIAN,ALVAREZ,RAMIREZ,APROBADA,SI
DIPUTADO,ERICA,PANIAGUA,HERBAS,APROBADA,SI
DIPUTADO,GUSTAVO,BERTELSEN,MAYOL,APROBADA,SI
DIPUTADO,TAMARA,CASADO,VERGARA,APROBADA,NO
DIPUTADO,ARIEL VLADIMIR,ENCINA,CRUZ,APROBADA,NO
DIPUTADO,RENE OMAR,ACUÑA,BARRERA,APROBADA,SI
DIPUTADO,MONICA,CASTRO,CANALES,APROBADA,SI
DIPUTADO,JULIO DIEGO,IBARRA,MALDONADO,APROBADA,SI
SENADOR,CRISTIAN,CONTRERAS,RADOVIC,APROBADA,SI
DIPUTADO,RODRIGO,DAROCH,YAÑEZ,APROBADA,SI
DIPUTADO,NELSON DAVID,ALVAREZ,GALLEGUILLOS,APROBADA,SI
DIPUTADO,MARIA ELENA,VILLAGRAN,PAREDES,APROBADA,SI
SENADOR,PATRICIO,NEIRA,PEZOA,APROBADA,SI
DIPUTADO,EDGARDO,LOVERA,RIQUELME,APROBADA,SI
SENADOR,MARCELA CONSTANZA,SABAT,FERNANDEZ,APROBADA,SI
DIPUTADO,MARIA ISABEL MARGARITA,MARTINEZ,LIZAMA,APROBADA,SI
DIPUTADO,DANISA,ASTUDILLO,PEIRETTI,APROBADA,SI
DIPUTADO,RENE VICENTE,ROMERO,PASTEN,RECHAZADA,NO
DIPUTADO,MARIA ANGELICA,ALVEAR,MONTECINOS,APROBADA,SI
DIPUTADO,JOSE EULOGIO,ABURTO,ANCAPAN,APROBADA,SI
DIPUTADO,CLAUDIA MARCELA,ARDILES,TAGLE,APROBADA,SI
SENADOR,ROBERTO JAVIER,COFRE,CERDA,APROBADA,SI
DIPUTADO,GABRIEL ESTEBAN,BELTRAMI,WOELKAR,APROBADA,SI
DIPUTADO,EDILIA ESTER,STUARDO,BARRIGA,APROBADA,NO
DIPUTADO,MARISOL,PARANCAN,SOTO,APROBADA,SI
DIPUTADO,LUZ CELENA,SOTO,VEGA,APROBADA,SI
DIPUTADO,MARIA PAZ,LAGOS,VALDIVIESO,APROBADA,SI
DIPUTADO,GUSTAVO CARLOS,BURGOS,VELASQUEZ,APROBADA,NO
DIPUTADO,NELSON,VENEGAS,SALAZAR,APROBADA,SI
SENADOR,PAULINA,VODANOVIC,ROJAS,APROBADA,SI
DIPUTADO,CLAUDIA,VALENZUELA,TORRES,APROBADA,SI
DIPUTADO,LEDY,OSANDON,FERRER,APROBADA,SI
DIPUTADO,ANDRES,JOUANNET,VALDERRAMA,APROBADA,SI
DIPUTADO,WALESKA PAULA SOLEDAD,FEHRMANN,ATERO,APROBADA,SI
DIPUTADO,KARLA,BENAVIDES,HENRIQUEZ,APROBADA,SI
DIPUTADO,ANGELICA TERESA,FLORES,RODRIGUEZ,APROBADA,SI
DIPUTADO,MARCO,PEREZ,BARRIA,APROBADA,SI
SENADOR,MATIAS,WALKER,PRIETO,APROBADA,SI
DIPUTADO,SORAYA,SAID,TEUBER,APROBADA,SI
DIPUTADO,NUBIA LORENA,VIVANCO,ILLANES,APROBADA,SI
DIPUTADO,ALFONSO,BELMAR,RODRIGUEZ,APROBADA,SI
DIPUTADO,PABLO,KAST,SOMMERHOFF,APROBADA,SI
DIPUTADO,ANDREA,PARRA,SAUTEREL,APROBADA,SI
SENADOR,GUSTAVO,DAVILA,SEPULVEDA,APROBADA,SI
DIPUTADO,DANIELA FRANCISCA,LAVARELLO,RAMIREZ,APROBADA,SI
DIPUTADO,CARLA ANDREA,GONZALEZ,LIAPIZ,APROBADA,NO
DIPUTADO,RODRIGO ANTONIO,MAUREIRA,VASQUEZ,APROBADA,SI
DIPUTADO,ROBINSON,PIÑEDA,VASQUEZ,APROBADA,SI
DIPUTADO,REINALDO,ROZAS,SILVA,APROBADA,SI
DIPUTADO,FRANCISCO DE BORJA,EGUIGUREN,CORREA,APROBADA,SI
DIPUTADO,MARCIA DEL CARMEN,MILLAQUEO,IBARRA,APROBADA,SI
DIPUTADO,JOSE,OLAVE,MARTINEZ,APROBADA,SI
DIPUTADO,CELIE RENEE,ARAYA,ESCOBAR,APROBADA,SI
DIPUTADO,MARCOS,ILABACA,CERDA,APROBADA,SI
DIPUTADO,HELMUT,KRAMER,ANGEL,APROBADA,SI
DIPUTADO,LORENA CECILIA,DONAIRE,CATALDO,APROBADA,SI
DIPUTADO,GABRIELA DEL CARMEN,MANCILLA,MATELUNA,APROBADA,SI
DIPUTADO,ORLANDO CHRISTIAN,MACHEFERT,INOSTROZA,APROBADA,SI
DIPUTADO,PATRICIA,RUBIO,ESCOBAR,APROBADA,NO
DIPUTADO,DOMINGO,TORRES,SANCHEZ,APROBADA,NO
DIPUTADO,CESAR MARCELO,CIFUENTES,MUÑOZ,APROBADA,SI
DIPUTADO,PEDRO LUIS,LUQUE,ARANCIBIA,APROBADA,SI
DIPUTADO,MARIA LORETO,ALLUE,PRIETO,APROBADA,SI
SENADOR,JORGE BRUNO,KEIM,GUTIERREZ,APROBADA,SI
DIPUTADO,VERONICA ANDREA,LOPEZ-VIDELA,PINO,APROBADA,SI
DIPUTADO,ORIANA,PAREDES,PEREZ,APROBADA,NO
DIPUTADO,SANDRA ISABEL,CHEUQUEPAN,QUEZADA,APROBADA,SI
SENADOR,JUAN MANUEL,RIVAS,GARRIDO,APROBADA,SI
DIPUTADO,LUIS ALBERTO,CASTRO,BENAVIDES,APROBADA,SI
DIPUTADO,ROXANA DEL PILAR,MIRANDA,MENESES,APROBADA,SI
DIPUTADO,CLAUDIA DEL PILAR,FAUNDEZ,FUENTES,APROBADA,SI
DIPUTADO,MARIO,GONZALEZ,FIGUEROA,APROBADA,SI
DIPUTADO,EVELYN LOURDES,MONTALBA,PALMA,APROBADA,SI
DIPUTADO,BERNARDO,CORNEJO,CERON,APROBADA,SI
DIPUTADO,MARIA IGNACIA,CASTRO,ROJAS,APROBADA,SI
SENADOR,ELIANA,SANHUEZA,ORTIZ,APROBADA,SI
DIPUTADO,ROMANINA,MORALES,BALTRA,APROBADA,SI
SENADOR,CARMEN GLORIA,GARATE,SILVA,APROBADA,SI
DIPUTADO,RODRIGO,ANGULO,SANTANDER,APROBADA,SI
DIPUTADO,CLAUDIA NATHALIE,MIX,JIMENEZ,APROBADA,SI
DIPUTADO,EMILIA,NUYADO,ANCAPICHUN,APROBADA,SI
DIPUTADO,PAOLA MARGARITA,BERNALES,PANTOJA,APROBADA,SI
DIPUTADO,PEDRO PABLO,VALENZUELA,CASTRO,APROBADA,SI
DIPUTADO,CLAUDIO ANDRES,REYES,GONZALEZ,APROBADA,SI
DIPUTADO,VICTOR,BARRA,QUIJADA,APROBADA,SI
DIPUTADO,JUAN PABLO,ESPINOSA,MORALES,APROBADA,SI
DIPUTADO,PAMELA,VARGAS,TOLEDO,APROBADA,SI
DIPUTADO,HERNAN MAURICIO,CORTES,BERNAL,APROBADA,NO
DIPUTADO,HECTOR DAVID,ULLOA,AGUILERA,APROBADA,SI
DIPUTADO,BORIS ANTHONY,BARRERA,MORENO,APROBADA,SI
DIPUTADO,DANIEL ENRIQUE,GODOY,LAGOS,APROBADA,SI
DIPUTADO,SILVANA,NEIRA,LLANOS,APROBADA,SI
DIPUTADO,CHURI,MEIRA,MARAMBIO,APROBADA,SI
DIPUTADO,ALEJANDRO IVAN,ESCOBAR,LOBOS,APROBADA,SI
DIPUTADO,JOHANNA MARIECHEN,OLIVARES,GRIBBELL,APROBADA,SI
SENADOR,OSCAR,ALMAZAN,SEPULVEDA,APROBADA,SI
DIPUTADO,CARLOS,MIRANDA,MUÑOZ,APROBADA,SI
SENADOR,PAOLA ALEJANDRA,VENEGAS,ARRIAGADA,APROBADA,SI
DIPUTADO,HECTOR,RODRIGUEZ,MENDOZA,APROBADA,SI
DIPUTADO,MARCELO,GARCIA,SOTO,APROBADA,SI
SENADOR,FIDEL,ESPINOZA,SANDOVAL,APROBADA,SI
DIPUTADO,ALVARO VALENTIN,SANCHEZ,ROJAS,APROBADA,SI
DIPUTADO,FRANCISCO ALBERTO,CHAVEZ,CATEPILLAN,APROBADA,SI
DIPUTADO,RAUL GONZALO,ARDILES,RAMIREZ,APROBADA,SI
DIPUTADO,KARIN CLAUDIA,LUCK,URBAN,APROBADA,SI
DIPUTADO,IRMA,PEREZ,LLANQUIN,APROBADA,SI
DIPUTADO,YASNA,ZAVALLA,MORALES,APROBADA,SI
DIPUTADO,MARCELA,RUZ,ANDRADE,APROBADA,SI
DIPUTADO,MARCIA LORENA,TAPIA,NAVIA,APROBADA,SI
DIPUTADO,ALEJANDRA,HERRERA,ANDREUCCI,APROBADA,NO
DIPUTADO,VICTOR ENRIQUE,ORELLANA,PARRA,APROBADA,SI
DIPUTADO,SOFIA SLOVENA,CID,VERSALOVIC,APROBADA,SI
DIPUTADO,JOSE,OSORIO,CUBILLOS,APROBADA,SI
SENADOR,MARCELO HUMBERTO,RIOSECO,PAIS,APROBADA,SI
DIPUTADO,DAVID NATANAEL,ROMO,GARRIDO,APROBADA,NO
DIPUTADO,IGNACIO ALFREDO,ALLENDE,CORTEZ,APROBADA,SI
DIPUTADO,FRANCISCO,PULGAR,CASTILLO,APROBADA,SI
DIPUTADO,IVAN LENIN,VALERIA,RODRIGUEZ,RECHAZADA,NO
DIPUTADO,IVONNE MARIA,MARTINEZ,MOLINAS,APROBADA,NO
DIPUTADO,CLAUDIA PATRICIA,AVALOS,ROBLERO,APROBADA,SI
DIPUTADO,MARCELO DAVID,MERINO,VERGARA,APROBADA,NO
DIPUTADO,RAUL,ROMAN,CAMPOS,APROBADA,SI
DIPUTADO,MARIA ANGELICA,CANCINO,CISTERNA,APROBADA,NO
SENADOR,CECILIA DEL PILAR,PALACIOS,LEIVA,APROBADA,SI
DIPUTADO,EDDY,ROLDAN,CABRERA,APROBADA,SI
SENADOR,CAROLINA,LAVIN,ALIAGA,APROBADA,SI
DIPUTADO,PAOLA ANDREA,WALKER,RODRIGUEZ,APROBADA,SI
SENADOR,MARCELO,DIAZ,DIAZ,APROBADA,SI
DIPUTADO,CAROLINA JEANNETTE,MONSALVES,SANHUEZA,APROBADA,SI
DIPUTADO,PAMELA MARIANA,CORDERO,AVARIA,APROBADA,SI
DIPUTADO,MAURICIO ANDRES,VIDAL,LEYTON,APROBADA,SI
DIPUTADO,CLAUDIA CRISTINA,ACEVEDO,MORALES,APROBADA,SI
DIPUTADO,MYRIAM,BENITEZ,JOFRE,APROBADA,SI
DIPUTADO,LUZ,POBLETE,CODDOU,APROBADA,SI
DIPUTADO,EDUARDO ANDRES,ALVARADO,ESPINA,APROBADA,SI
DIPUTADO,CARLOS ALONSO,DIAZ,ROJAS,RECHAZADA,NO
SENADOR,FAUMELISA,MANQUEPILLAN,CALFULEO,APROBADA,SI
DIPUTADO,CLARISA DE LAS MERCEDES,RIOS,INOSTROZA,APROBADA,SI
DIPUTADO,FRANCESCA,PARODI,OPPLIGER,APROBADA,SI
DIPUTADO,LUZ ELIANA,ALCA,TURRA,APROBADA,SI
DIPUTADO,ROMY NATHALIE,BERNAL,DIAZ,APROBADA,SI
DIPUTADO,JACQUELINE,AVILA,VILCA,APROBADA,NO
DIPUTADO,ALEX,FARIAS,PEREZ,APROBADA,SI
DIPUTADO,FELIX,GONZALEZ,GATICA,APROBADA,SI
DIPUTADO,FRANK CARLOS,SAUERBAUM,MUÑOZ,APROBADA,SI
DIPUTADO,JOSE,MILLALEN,PAILLAL,APROBADA,SI
DIPUTADO,ANDREA,QUIJON,GODOY,APROBADA,SI
DIPUTADO,EDUARDO ALEJANDRO,ACUÑA,FUENTES,APROBADA,SI
DIPUTADO,CECILIA SUSANA,COLLAO,CARVAJAL,APROBADA,SI
DIPUTADO,KAREN ROSE,HEYNE,BOLADOS,APROBADA,SI
DIPUTADO,RODRIGO,PEREZ,LISICIC,APROBADA,SI
DIPUTADO,FRANCISCA,VALDES,VIGIL,APROBADA,SI
DIPUTADO,LILIANA,MAULEN,GONZALEZ,APROBADA,SI
SENADOR,CLAUDIA,PASCUAL,GRAU,APROBADA,SI
DIPUTADO,ERIKA,MONTECINOS,URREA,APROBADA,SI
DIPUTADO,EDUARDO,CORNEJO,LAGOS,APROBADA,SI
DIPUTADO,EDUARDO,DURAN,SALINAS,APROBADA,SI
DIPUTADO,ALEJANDRA,AILLAPAN,HUIRIQUEO,APROBADA,NO
DIPUTADO,ALEJANDRO ALBERCIO,JELDRES,MORALES,APROBADA,SI
SENADOR,LORETO,CARVAJAL,AMBIADO,APROBADA,SI
DIPUTADO,CARLOS SAUL,VALENZUELA,VILLAR,APROBADA,NO
DIPUTADO,EUGENIO,CANALES,CANALES,APROBADA,SI
DIPUTADO,MARLENE,PEREZ,CARTES,APROBADA,SI
DIPUTADO,MARGARITA ELENA,SANCHEZ,BECERRA,APROBADA,SI
DIPUTADO,CLAUDIA ANDREA,TASSARA,RUILOVA,APROBADA,SI
DIPUTADO,FELIX,BUGUEÑO,SOTELO,APROBADA,SI
DIPUTADO,HUGO,REY,MARTINEZ,APROBADA,SI
DIPUTADO,RICARDO VITALY,LEDEZMA,JIMENEZ,APROBADA,SI
DIPUTADO,ANA MARIA,BRAVO,CASTRO,APROBADA,SI
SENADOR,PAOLA AMANDA,DEBIA,GONZALEZ,APROBADA,SI
DIPUTADO,BENEDICTA ISABEL,RODRIGUEZ,RUBIO,APROBADA,SI
DIPUTADO,YOVANA ALEJANDRA,AHUMADA,PALMA,APROBADA,NO
DIPUTADO,KARLA,KEPEC,ALVAREZ,APROBADA,SI
DIPUTADO,SAVKA,POLLAK,TOMASEVICH,APROBADA,SI
DIPUTADO,LEONEL RUBEN,JARAMILLO,COUMERME,RECHAZADA,NO
DIPUTADO,XIMENA,SALINAS,GONZALEZ,APROBADA,SI
SENADOR,RODRIGO ALEJANDRO,DIAZ,MUÑOZ,APROBADA,SI
DIPUTADO,RUBEN,ROSALES,SEPULVEDA,APROBADA,SI
SENADOR,RUTH,ROJAS,MERA,APROBADA,NO
DIPUTADO,LUIS,MARCOS,PEREZ,APROBADA,SI
DIPUTADO,JESSICA FABIOLA,RUPAYAN,PONCE,APROBADA,SI
DIPUTADO,MARCELA PATRICIA,RIQUELME,ALIAGA,APROBADA,SI
DIPUTADO,LUCY DEL CARMEN,MUÑOZ,MARTICORENA,APROBADA,SI
DIPUTADO,ANDREA VALESKA,MORALES,PENROZ,APROBADA,SI
DIPUTADO,ROXANA JACQUELINE,CEA,GOMEZ,APROBADA,SI
DIPUTADO,HUGO ALEJANDRO,VALLEJOS,LANDEROS,APROBADA,SI
DIPUTADO,MARCELA,SUAREZ,MUÑOZ,APROBADA,SI
DIPUTADO,CRISTIAN ALIRO,MUÑOZ,GARRIDO,APROBADA,SI
DIPUTADO,ALEJANDRA ESTER,MUÑOZ,ORELLANA,APROBADA,SI
DIPUTADO,MANUEL,IBARRA,MONDACA,APROBADA,SI
DIPUTADO,ALAN VALDO,ROLDAN,CABRERA,APROBADA,SI
DIPUTADO,JANET VIOLETA,ORDENES,GUERRA,APROBADA,NO
SENADOR,PEDRO,ARAYA,GUERRERO,APROBADA,SI
DIPUTADO,SUSANA MARIBEL,PONCE,MOLLO,APROBADA,NO
DIPUTADO,CATHERINE VALEZKA,FUENTES,URRA,APROBADA,NO
DIPUTADO,MARIA ANGELICA,SILVA,TRONCOSO,APROBADA,SI
SENADOR,IVAN IGOR,AVILA,PEREZ,APROBADA,SI
DIPUTADO,ANDREA,GUZMAN,HERRERA,APROBADA,SI
DIPUTADO,RAUL,LEIVA,CARVAJAL,APROBADA,SI
DIPUTADO,FABIOLA DEL SOCORRO,RODRIGUEZ,PARADA,APROBADA,SI
DIPUTADO,CLAUDIA,ACEVEDO,CORNEJO,APROBADA,SI
DIPUTADO,JULIO ENRIQUE,HERNANDEZ,PRADO,APROBADA,SI
DIPUTADO,JESSICA MARCELA,GARCIA,PHILLIPS,APROBADA,SI
DIPUTADO,HUGO MARCELO,ALVAREZ,VILLAGRA,APROBADA,SI
DIPUTADO,MARISOL JACQUELINE,LLANOS,PRADO,APROBADA,SI
DIPUTADO,JOSE,MADARIAGA,LABRA,APROBADA,SI
DIPUTADO,CARLOS ROBERTO,MUÑOZ,REYES,APROBADA,NO
SENADOR,ALBERTO,PIZARRO,CHAÑILAO,APROBADA,SI
DIPUTADO,AGUSTIN MATIAS,ROMERO,LEIVA,APROBADA,SI
DIPUTADO,DANILO JOSE,CAROCA,SALGADO,APROBADA,SI
DIPUTADO,VIVIANA,DELGADO,RIQUELME,APROBADA,SI
DIPUTADO,MARCO ANTONIO,LOBOS,VASQUEZ,APROBADA,NO
DIPUTADO,HECTOR,OJEDA,RUIZ,APROBADA,SI
DIPUTADO,GERMAN RODRIGO,CARTES,OYARZO,APROBADA,SI
DIPUTADO,SUSANA CARMEN,LOPEZ,DELGADO,APROBADA,NO
DIPUTADO,PAMELA ANDREA,HENRIQUEZ,ROJAS,APROBADA,SI
DIPUTADO,LISIT SDELONA,FERNANDEZ,MENAY,APROBADA,NO
DIPUTADO,JUAN GUILLERMO,DIAZ,BUSTAMANTE,APROBADA,NO
DIPUTADO,CRISTIAN ALEJANDRO,LUNA,SALINAS,APROBADA,SI
DIPUTADO,SUSANA,CALDERON,ROMERO,APROBADA,SI
DIPUTADO,MARIA ELENA,BALCAZAR,QUINTEROS,APROBADA,NO
DIPUTADO,LUIS EDUARDO,CANTELLANO,AMPUERO,APROBADA,SI
DIPUTADO,MACARENA,KINAST,CASANOVA,APROBADA,SI
DIPUTADO,CRISTOBAL,URRUTICOECHEA,RIOS,APROBADA,SI
DIPUTADO,VICTOR ALEJANDRO,PINO,FUENTES,APROBADA,SI
DIPUTADO,JOSUE ALBERT,ORMAZABAL,MORALES,APROBADA,SI
DIPUTADO,CLAUDIO ARIEL,DEL RIO,MALGARINI,APROBADA,SI
DIPUTADO,CARLOS,GREZ,ROJAS,APROBADA,SI
DIPUTADO,MARISELA,SANTIBAÑEZ,NOVOA,APROBADA,SI
DIPUTADO,ANDREA DEL CARMEN,DUARTE,VIDAL,APROBADA,SI
DIPUTADO,CLAUDIO ANTONIO,SEPULVEDA,YOUNG,APROBADA,SI
DIPUTADO,ROSA DEL CARMEN,VALENZUELA,CHAMORRO,APROBADA,SI
DIPUTADO,GLADYS,ACUÑA,ROSALES,APROBADA,SI
SENADOR,MARCIA ISABEL,BARRERA,CISTERNAS,APROBADA,SI
DIPUTADO,IVONNE ULRIKE,MANGELSDORFF,GALEB,APROBADA,SI
DIPUTADO,ALEJANDRA,VALDEBENITO,TORRES,APROBADA,SI
SENADOR,ENA,VON BAER,JAHN,APROBADA,SI
SENADOR,CHRISTIAN ANGEL MAURICIO,CID,BARAHONA,APROBADA,SI
DIPUTADO,NATALI ANDREA,HINOJOSA,SERRANO,APROBADA,NO
SENADOR,SEBASTIAN,DEPOLO,CABRERA,APROBADA,SI
DIPUTADO,PATRICIA ANDREA,TORREALBA,PINO,APROBADA,SI
DIPUTADO,IVAN CRUZ,APABLAZA,MENDEZ,APROBADA,SI
SENADOR,ANGELICA,SAN CRISTOBAL,SILVA,APROBADA,SI
DIPUTADO,MAURICIO AARON,BURGOS,FERNANDEZ,APROBADA,SI
DIPUTADO,INGRID,JARA,ANDRADE,APROBADA,NO
DIPUTADO,JAIME,ARAYA,GUERRERO,APROBADA,SI
DIPUTADO,ADOLFO ANDRES,ESTRADA,ALDONEY,APROBADA,SI
DIPUTADO,PEDRO,HUICHALAF,ROA,APROBADA,SI
DIPUTADO,CAROL,VARAS,PANTOJA,APROBADA,SI
SENADOR,VALESKA DE LAS NIEVES,OYARCE,PEÑA,APROBADA,SI
DIPUTADO,NATALIA,SANCHEZ,ACEITUNO,APROBADA,SI
DIPUTADO,KATHERINE MURIEL,ALARCON,GIADACH,APROBADA,NO
DIPUTADO,MARGARITA DEL ROSARIO,GARRIDO,ACEVEDO,APROBADA,SI
DIPUTADO,ELIZABETH,ÑANCO,LINCOPI,APROBADA,SI
DIPUTADO,VARINIA LIDIA,DIAZ,CORTES,APROBADA,SI
DIPUTADO,RENZO,TRISOTTI,MARTINEZ,APROBADA,SI
DIPUTADO,CAROLINA ANGELA,GARATE,VERGARA,APROBADA,SI
DIPUTADO,JOHANNES,KAISER,BARENTS-VON HOHENHAGEN,APROBADA,SI
DIPUTADO,CARMINA IVONNE,FARAH,RODRIGUEZ,APROBADA,SI
DIPUTADO,JOHANNA DE LAS NIEVES,PACHECO,CURINAO,APROBADA,SI
DIPUTADO,RICARDO,SANZANA,OTEIZA,APROBADA,SI
DIPUTADO,LUIS ALBERTO,TAPIA,BASTIAS,APROBADA,SI
SENADOR,GERMAN EUGENIO,ROMAGNOLI,DELPORTE,APROBADA,SI
DIPUTADO,FLOR DEL CARMEN,ALEÑIR,MILLANAO,APROBADA,SI
DIPUTADO,JOANNA,PEREZ,OLEA,APROBADA,SI
DIPUTADO,ALEX MARCELO,VEGA,AGUAYO,APROBADA,SI
SENADOR,ENRIQUE,VAN RYSSELBERGHE,HERRERA,APROBADA,SI
DIPUTADO,MARIA ALEJANDRA,JARA,MARIN,APROBADA,SI
DIPUTADO,CLAUDIA LORETTO,ARAVENA,LAGOS,APROBADA,SI
DIPUTADO,MAURICIO ANDRES,AGUILERA,MUÑOZ,APROBADA,SI
SENADOR,ROBERTO ANDRES,FRANCESCONI,RIQUELME,APROBADA,SI
DIPUTADO,ROSALET MARYLINA,CONSTANZO,OTEY,APROBADA,SI
DIPUTADO,NADINE,SEPULVEDA,ARIAS,APROBADA,SI
DIPUTADO,ANGELICA DEL CARMEN,CUEVAS,PALOMINOS,APROBADA,SI
DIPUTADO,EVARISTO RENE,CURICAL,ÑANCO,APROBADA,SI
DIPUTADO,ALICIA KAROLINA,CARIQUEO,NARANJO,APROBADA,SI
DIPUTADO,HENRY,LEAL,BIZAMA,APROBADA,SI
DIPUTADO,JUAN ENRIQUE,CATALAN,JARA,APROBADA,SI
SENADOR,ANGELICA MARIA,HENRIQUEZ,FERNANDEZ,APROBADA,SI
SENADOR,PAMELA SOLEDAD,BERTIN,HERNANDEZ,APROBADA,NO
DIPUTADO,HANSY PAOLA,CHAVEZ,GOMEZ,APROBADA,SI
DIPUTADO,ANDREA PATRICIA,ARAYA,TORO,APROBADA,SI
DIPUTADO,ANDREA ROSARIO,IÑIGUEZ,MANSO,APROBADA,SI
SENADOR,ROJO,EDWARDS,SILVA,APROBADA,SI
SENADOR,MARTA,MOLINA,AVILA,APROBADA,SI
DIPUTADO,MARCELA,SANDOVAL,OSORIO,APROBADA,SI
DIPUTADO,CAROLINA INES,GONZALEZ,VELASQUEZ,APROBADA,SI
SENADOR,MARIA SUSANA,VERA,IBACACHE,APROBADA,SI
DIPUTADO,GERARDO ANDRES,DEL LAGO,CUVERTINO,APROBADA,SI
SENADOR,EDIO EDUARDO,CORTES,LARA,APROBADA,SI
DIPUTADO,EVELYN CAROLINA,FARIAS,AILIO,APROBADA,SI
DIPUTADO,INGRID,CONEJEROS,MONTECINO,APROBADA,SI
DIPUTADO,ALEJANDRA SOLANGE,NAVARRETE,CARRASCO,APROBADA,SI
DIPUTADO,CRISTOPHER ENRIQUE,SUAZO,BENAVIDES,RECHAZADA,NO
DIPUTADO,CATALINA VALESKA,VALENZUELA,MAUREIRA,APROBADA,SI
DIPUTADO,JUAN EGOR,PLAZA,AGUILAR,APROBADA,SI
DIPUTADO,LUIS ALBERTO,CUELLO,PEÑA Y LILLO,APROBADA,SI
DIPUTADO,HOTUITI,TEAO,DRAGO,APROBADA,SI
DIPUTADO,MERCEDES ELENA,ESCALONA,PAREDES,APROBADA,SI
SENADOR,PAULA CAROLINA,CANCINO,CANCINO,APROBADA,SI
SENADOR,PABLO,DINTRANS,CRIVELLI,APROBADA,SI
DIPUTADO,CARLA ANDREA,MORALES,MALDONADO,APROBADA,NO
DIPUTADO,MACARENA CRISTINA,ARIAS,HERNANDEZ,APROBADA,SI
SENADOR,DAVID,KELLER,FREEMAN,APROBADA,SI
DIPUTADO,CRISTIAN ALFREDO,RAMIREZ,HENRIQUEZ,APROBADA,SI
DIPUTADO,YOLANDA MARISEL,PEDREROS,VENEGAS,APROBADA,SI
DIPUTADO,RONALD ESTEBAN,BRANDT,SILVA,APROBADA,SI
DIPUTADO,ANDRES EDUARDO,GUERRA,VEGA,APROBADA,SI
DIPUTADO,MYRTHA,GARATE,MARTINEZ,APROBADA,SI
DIPUTADO,MANUEL ANDRES,AHUMADA,LETELIER,APROBADA,SI
DIPUTADO,PABLO ANDRES,CABRERA,VERGARA,APROBADA,NO
DIPUTADO,JANETT SHIRLEY,GUERRA,ABURTO,APROBADA,SI
DIPUTADO,CRISTIAN EDUARDO,MONREAL,CORTES,APROBADA,SI
DIPUTADO,ALEX FERNANDO,GARRIDO,TAPIA,APROBADA,SI
DIPUTADO,SUSAN,ESCOBAR,GATICA,APROBADA,SI
DIPUTADO,YAZMIN LETICIA,LORCA,BENAVIDES,APROBADA,SI
DIPUTADO,ALEJANDRO,ROGERS,BOZZOLO,APROBADA,SI
SENADOR,JAVIER,MACAYA,DANUS,APROBADA,SI
PRESIDENTE,MARCO,ENRIQUEZ-OMINAMI,GUMUCIO,APROBADA,SI
DIPUTADO,MAXIMILIANO EDUARDO,MURATH,MANSILLA,APROBADA,SI
DIPUTADO,GASPAR ALBERTO,RIVAS,SANCHEZ,APROBADA,SI
SENADOR,ALEJANDRA,VALDOVINOS,JOFRE,APROBADA,SI
DIPUTADO,PRISCILA,CORSI,CACERES,APROBADA,SI
DIPUTADO,BARBARA MARLENE,GONZALEZ,CONTRERAS,APROBADA,SI
DIPUTADO,ALEJANDRA FRANCISCA,PLACENCIA,CABELLO,APROBADA,NO
DIPUTADO,RAUL ALBERTO,VILLAVICENCIO,MARABOLI,APROBADA,NO
DIPUTADO,STEPHAN HERBERT,SCHUBERT,RUBIO,APROBADA,SI
DIPUTADO,IVAN MARCELO,ARTEAGA,FUENTES,APROBADA,NO
DIPUTADO,ANDRES,SEPULVEDA,ROJAS,APROBADA,SI
SENADOR,TAMARA SEPHORA,GONZALEZ,CELIS,APROBADA,SI
DIPUTADO,ORLANDO,CASTILLO,VALENCIA,APROBADA,SI
DIPUTADO,CATHERINE ALEJANDRA,PACHECO,ORIAS,APROBADA,SI
DIPUTADO,JOSE MIGUEL,BARRIA,VALENZUELA,APROBADA,SI
SENADOR,CRISTIAN ARNOLDO,ALVAREZ,MANSILLA,APROBADA,SI
DIPUTADO,MERY PAOLA,AGUILA,GAJARDO,APROBADA,SI
DIPUTADO,CAROLINA INES,GONZALEZ,HERNANDEZ,RECHAZADA,NO
SENADOR,CELESTE,JIMENEZ,RIVEROS,APROBADA,SI
DIPUTADO,ROBERTO ANDRES,MONCADA,HERNANDEZ,APROBADA,SI
DIPUTADO,ALEJANDRO JAVIER,BERNALES,MALDONADO,APROBADA,SI
DIPUTADO,PABLO EMILIO,BLASET,GARRIDO,APROBADA,SI
DIPUTADO,LORENA DEL CARMEN,LLAMIN,MILLALEN,APROBADA,SI
SENADOR,MOISES FABIAN,IBACACHE,IGUAIN,APROBADA,SI
DIPUTADO,PAULA,ARRIAGADA,ORTIZ,APROBADA,SI
DIPUTADO,MIGUEL,ARTEAGA,CARES,APROBADA,SI
SENADOR,ERNA DEL CARMEN,PEREZ,GAETE,APROBADA,SI
DIPUTADO,GUILLERMO,RAMIREZ,DIEZ,APROBADA,SI
DIPUTADO,CARLA,MANTEROLA,ACLE,APROBADA,NO
DIPUTADO,JORGE,ALESSANDRI,VERGARA,APROBADA,SI
DIPUTADO,ROGELIA FRANCISCA,CONTRERAS,LIJERON,APROBADA,SI
DIPUTADO,ALEJANDRA PAMELA,JARA,QUIROZ,APROBADA,SI
DIPUTADO,PABLO ALEJANDRO,DONOSO,CHRISTIE,APROBADA,SI
DIPUTADO,CESAR ANDRES,LEVIO,MARTINEZ,APROBADA,SI
DIPUTADO,MARCELO,OLIVARES,FIGUEROA,APROBADA,SI
DIPUTADO,FABIOLA,TORRES,FARIAS,APROBADA,SI
DIPUTADO,JOAQUIN,LAVIN,LEON,APROBADA,SI
SENADOR,JEANNETTE DEL CARMEN,MEDINA,ARAYA,APROBADA,SI
DIPUTADO,FRANK WINSTON,GROBIER,MELLA,APROBADA,SI
DIPUTADO,DANIEL,MELO,CONTRERAS,APROBADA,SI
DIPUTADO,WALTER,MUÑOZ,GUTIERREZ,APROBADA,SI
DIPUTADO,PATRICIO,FIERRO,GARCES,APROBADA,SI
DIPUTADO,ALDO,MARDONES,ALARCON,APROBADA,SI
DIPUTADO,JUAN PABLO,MOYA,CACERES,APROBADA,SI
SENADOR,JEANETTE,HURTADO,ROJAS,APROBADA,SI
DIPUTADO,GABRIELA,CALDERON,ALVAREZ,APROBADA,SI
SENADOR,EILEEN PATRICIA,URQUETA,ROJAS,APROBADA,NO
DIPUTADO,FRANCISCA,OGALDE,VEGA,APROBADA,NO
SENADOR,DANIELA DEL PILAR,CABEZAS,VERA,APROBADA,SI
DIPUTADO,PAOLA ROSSANA,ESPINOSA,CORDERO,APROBADA,SI
DIPUTADO,GERSON,CAYUQUEO,RIQUELME,APROBADA,NO
DIPUTADO,CLAUDIA,PAILALEF,MONTIEL,APROBADA,SI
DIPUTADO,HECTOR ALEJANDRO,BARRIA,ANGULO,APROBADA,SI
DIPUTADO,CHRISTIAN OMAR,PINO,LANATA,APROBADA,SI
DIPUTADO,JUAN ANTONIO,COLOMA,ALAMOS,APROBADA,SI
DIPUTADO,SONJA,DEL RIO,BECKER,APROBADA,SI
DIPUTADO,MARTIN,CARVAJAL,MASJUAN,APROBADA,SI
DIPUTADO,LESLIE JUDITH,LEIVA,HENRIQUEZ,APROBADA,SI
DIPUTADO,ABRAHAM ELISEO,ORTIZ,ORELLANA,APROBADA,SI
DIPUTADO,ALVARO EDUARDO,SALAS,MENA,APROBADA,SI
DIPUTADO,ERIKA ALEJANDRA,OLIVERA,DE LA FUENTE,APROBADA,SI
DIPUTADO,JOCELYN ALEJANDRA,BURGOS,FLORES,APROBADA,SI
DIPUTADO,INGRID PATRICIA,MARIN,RAMOS,APROBADA,SI
DIPUTADO,OSCAR,AROCA,CONTRERAS,APROBADA,SI
DIPUTADO,CAROLINA ANDREA,DOWNEY,DIAZ,APROBADA,SI
DIPUTADO,PATRICIO ISMAEL,ROMO,VARGAS,APROBADA,SI
DIPUTADO,JORGE,DURAN,ESPINOZA,APROBADA,SI
DIPUTADO,FERNANDO ANDRES,MONSALVE,ARIAS,APROBADA,SI
DIPUTADO,CLAUDIO,ROJAS,DIAZ,APROBADA,SI
DIPUTADO,SEBASTIAN GONZALO,DUARTE,VERGARA,APROBADA,SI
DIPUTADO,ALVARO,CARTER,FERNANDEZ,APROBADA,SI
DIPUTADO,CRISTIAN,LABBE,MARTINEZ,APROBADA,SI
DIPUTADO,ANGEL RODRIGO,ROZAS,DIAZ,APROBADA,SI
DIPUTADO,CESAR ANTONIO,ROJAS,TORO,APROBADA,SI
DIPUTADO,MARTA AMERICA,GONZALEZ,OLEA,APROBADA,SI
DIPUTADO,JUAN,MASFERRER,VIDAL,APROBADA,SI
DIPUTADO,FRANCISCO,CLAVEL,DIAZ,APROBADA,SI
DIPUTADO,MARCO,LOYOLA,QUIROZ,APROBADA,SI
DIPUTADO,PATRICK ALAN,CASANOVA,TOBAR,APROBADA,SI
DIPUTADO,ALBERTO ALEJANDRO,LOPEZ,ENGEL,APROBADA,SI
DIPUTADO,MIGUEL ANGEL,CORTES,IBARRA,APROBADA,SI
DIPUTADO,PAOLA DE LOURDES,YAÑEZ,RIQUELME,APROBADA,NO
DIPUTADO,CAROLINA,MARTINEZ,SANTELICES,APROBADA,SI
DIPUTADO,GUIDO ANTONIO,DIAZ,VERGARA,APROBADA,SI
DIPUTADO,CAROLINA ANDREA,FLORES,MARIN,APROBADA,SI
DIPUTADO,CRISTIAN,ORTIZ,RUBIO,APROBADA,SI
DIPUTADO,JUAN RUBEN,CARDENAS,ARRIAGADA,APROBADA,SI
DIPUTADO,BARBARA ANDREA,CUBILLOS,FLORES,APROBADA,SI
SENADOR,ROBERTO,GIUBERGIA,VALDERRAMA,APROBADA,NO
DIPUTADO,JOCELYN PAMELA GORETTI,NEIRA,DIAZ,APROBADA,SI
DIPUTADO,CAROLA PIA,NARANJO,INOSTROZA,APROBADA,SI
DIPUTADO,ROXANA DEL CARMEN,JARA,ROMERO,APROBADA,NO
DIPUTADO,GRACE EUGENIA,SCHMIDT,MONJE,APROBADA,SI
SENADOR,PAMELA ANDREA,PIZARRO,VILLARROEL,APROBADA,SI
DIPUTADO,CARLOS,CISTERNA,PARRA,APROBADA,SI
SENADOR,KATHERINE ELIZABETH,LOPEZ,RIVERA,APROBADA,SI
DIPUTADO,YANTIEL,CALDERON,VALENZUELA,APROBADA,SI
DIPUTADO,CARLA,GUAITA,CARRIZO,APROBADA,SI
DIPUTADO,PABLO,YAÑEZ,PIZARRO,APROBADA,SI
DIPUTADO,SEBASTIAN,TORREALBA,ALVARADO,APROBADA,SI
DIPUTADO,GONZALO ANDRES,CHACON,LARRAIN,APROBADA,SI
DIPUTADO,ALEJANDRO,AREVALO,MIRANDA,APROBADA,SI
DIPUTADO,MILLARAI,ABELLEIRA,PERALTA,APROBADA,SI
DIPUTADO,DANIEL,IBAÑEZ,CASTRO,APROBADA,SI
DIPUTADO,JORGE HUMBERTO,ROJAS,VALLEJOS,APROBADA,SI
DIPUTADO,CLAUS,HANDWERCK,FELIU,APROBADA,SI
DIPUTADO,DANIEL,SANCHEZ,HUAÑACO,APROBADA,NO
SENADOR,VARINIA YUSETH,ARAVENA,PEREZ,APROBADA,SI
DIPUTADO,YAZNA MARIA,BARRERA,CESAREO,APROBADA,SI
DIPUTADO,RUBEN DARIO,OYARZO,FIGUEROA,APROBADA,SI
SENADOR,MAURICIO,MARTINEZ,HURTADO,APROBADA,SI
DIPUTADO,NICOLAS,NOMAN,GARRIDO,APROBADA,SI
DIPUTADO,ELIZABETH,ROJAS,HUENUPE,APROBADA,NO
DIPUTADO,HEERMAN PAULO,VARGAS,HOGER,APROBADA,NO
DIPUTADO,CAROLINA,SANTIS,GONZALEZ,APROBADA,SI
DIPUTADO,PAZ ANDREA,SUAREZ,BRIONES,APROBADA,NO
DIPUTADO,MARITZA,VENEGAS,ARROYO,APROBADA,SI
DIPUTADO,FELIPE ANDRES,CASTILLO,SOTO,APROBADA,SI
SENADOR,FRANCISCO JAVIER,CORDOVA,ECHEVERRIA,APROBADA,SI
SENADOR,ESTEBAN MARIO,AREVALO,DIAZ,APROBADA,SI
DIPUTADO,JOSE FERNANDO,OLIVARES,OJEDA,APROBADA,SI
DIPUTADO,ERIKA THAMARA,PUGA,SOTO,APROBADA,SI
DIPUTADO,JULIO,BECERRA,ESPINOZA,APROBADA,NO
DIPUTADO,BRIDIT,ULLOA,ESPINOZA,APROBADA,SI
DIPUTADO,PAOLA ANDREA,LAPORTE,VICTORIANO,APROBADA,SI
DIPUTADO,MARIA CONSUELO,VILLASEÑOR,SOTO,APROBADA,SI
DIPUTADO,JORGE ENRIQUE,ROJAS,CARVAJAL,APROBADA,SI
DIPUTADO,PAULA ANTONIA,ACUÑA,LEON,APROBADA,SI
DIPUTADO,IVAN GORKY,ROJAS,VILLAGRA,APROBADA,NO
DIPUTADO,MARIELA CECILIA,NUÑEZ,AVILA,APROBADA,SI
DIPUTADO,BORIS,DURAN,REYES,APROBADA,SI
DIPUTADO,ALEJANDRA EVELYN,APABLAZA,ELIZONDO,APROBADA,NO
DIPUTADO,CLAUDIA PAOLA,VASQUEZ,FUSTER,APROBADA,SI
DIPUTADO,ANDRES,CELIS,MONTT,APROBADA,SI
DIPUTADO,CESAR ESTEBAN,GONZALEZ,PIZARRO,APROBADA,SI
DIPUTADO,RICARDO ELIECER,NUÑEZ,MARTINEZ,APROBADA,NO
SENADOR,CRISTIAN ANDRES,ASTORGA,CORTES,APROBADA,SI
DIPUTADO,ANTONIO,SILVA,REYES,APROBADA,SI
SENADOR,NATALIA,RAVANALES,TORO,APROBADA,SI
DIPUTADO,RICARDO ALBERTO,ALEGRIA,ABARCA,APROBADA,SI
DIPUTADO,MARIA CRISTINA,BUSTOS,CONCHA,APROBADA,SI
DIPUTADO,ZARINA EDELMIRA,GUAMAN,OSORIO,APROBADA,NO
DIPUTADO,PAULA,NUCHE,GARRIDO,APROBADA,SI
SENADOR,ORIETTA ELIANA,LLAUCA,HUALA,APROBADA,SI
DIPUTADO,ROBINSON,LIZAMA,GATICA,APROBADA,SI
DIPUTADO,VIANNEY PAOLA,SIERRALTA,ARACENA,APROBADA,SI
DIPUTADO,LUIS ALEXIS,ORELLANA,PEÑA,APROBADA,NO
DIPUTADO,LISSETTE SOLANGE,PONCE,OLMEDO,APROBADA,SI
DIPUTADO,FELIPE,BARNACHEA,VASQUEZ,APROBADA,SI
DIPUTADO,MARTA PILAR,BRAVO,SALINAS,APROBADA,SI
DIPUTADO,VERONICA ANDREA,SOTOMAYOR,PEREZ,APROBADA,SI
DIPUTADO,LEYLA MASSIEL,JARA,LOPEZ,APROBADA,SI
DIPUTADO,IGNACIA,GOMEZ,MARTINEZ,APROBADA,SI
DIPUTADO,JUAN CARLOS,VIDAURRAZAGA,GONZALEZ,APROBADA,SI
DIPUTADO,GONZALO DEL CARMEN,RUBIO,FUENZALIDA,APROBADA,SI
DIPUTADO,FRANCISCO,VALDES,REYES,APROBADA,SI
DIPUTADO,JAIME IGNACIO,BRICEÑO,SAZO,APROBADA,SI
DIPUTADO,NATHALIE ANDREA,MERY,CERICHE,APROBADA,NO
DIPUTADO,PABLO ANDRES,SOTO,ZUÑIGA,APROBADA,SI
DIPUTADO,MARCELA,GUTIERREZ,MELLA,APROBADA,NO
DIPUTADO,XIMENA,MARIL,PILQUIMAN,APROBADA,SI
DIPUTADO,CYNTHIA ANA,VIVALLO,CUEVAS,APROBADA,SI
DIPUTADO,PABLO ANDRES,TAPIA,PINTO,APROBADA,SI
DIPUTADO,ANWAR,FARRAN,VELOSO,APROBADA,SI
DIPUTADO,GRACIELA,HUENUMAN,LINCOPI,APROBADA,SI
DIPUTADO,FRANCESCA,MUÑOZ,GONZALEZ,APROBADA,SI
DIPUTADO,EDITH PAOLA,ESTAY,OLGUIN,APROBADA,SI
DIPUTADO,KARLA,PINTO,TIMMERMANN,APROBADA,SI
DIPUTADO,JOHN LEANDRO,SANCHO,BICHET,APROBADA,SI
DIPUTADO,MARIELA ALEJANDRA,QUISPE,SANCHEZ,APROBADA,SI
DIPUTADO,EVELYN ROXANA,MANSILLA,MUÑOZ,APROBADA,SI
SENADOR,MARCO ANTONIO,DIAZ,MUÑOZ,APROBADA,SI
DIPUTADO,MARIO HERNAN,ROJAS,CARRASCO,APROBADA,SI
DIPUTADO,ENZO,MORALES,NORAMBUENA,APROBADA,SI
DIPUTADO,SILVIA JOCELYN,MUÑOZ,DONOSO,APROBADA,SI
DIPUTADO,ODEL DAVID,SOTO,SHEE,APROBADA,NO
SENADOR,FABIO ANDRES,BOGDANIC,MOLINA,APROBADA,SI
DIPUTADO,NATHALIE,CASTILLO,ROJAS,APROBADA,SI
DIPUTADO,INTI ELEODORO,SALAMANCA,FERNANDEZ,APROBADA,SI
DIPUTADO,ENRIQUE ALEXANDER,ALMEIDA,MERCADO,APROBADA,SI
DIPUTADO,BARBARA,PAVEZ,GARCIA,APROBADA,SI
DIPUTADO,ESTEBAN,VEGA,TORO,APROBADA,SI
DIPUTADO,CAROLINA BEATRIZ,CABELLO,VALENZUELA,APROBADA,SI
SENADOR,JESUS RODRIGO,GUTIERREZ,OLIVARES,APROBADA,SI
DIPUTADO,ANDRES,LONGTON,HERRERA,APROBADA,SI
DIPUTADO,DENISSE CAROLINA,GALLEGOS,CASTRO,APROBADA,SI
DIPUTADO,FREDERICK,SOTO,PONCE,APROBADA,NO
DIPUTADO,VIVIANA DE LAS MERCEDES,RODRIGUEZ,SAAVEDRA,APROBADA,SI
DIPUTADO,FELIPE,DONOSO,CASTRO,APROBADA,SI
DIPUTADO,PEDRO ALVARO ALONSO,HERRERA,VERGARA,APROBADA,SI
DIPUTADO,JORGE EDUARDO,MUÑOZ,SAAVEDRA,APROBADA,SI
DIPUTADO,JONATHAN EDUARDO,NORAMBUENA,BARROS,APROBADA,SI
DIPUTADO,BORIS LEANDRO,MARTINEZ,LABRA,APROBADA,NO
SENADOR,KATHERINE,ECHAIZ,THIELE,APROBADA,SI
DIPUTADO,PATRICIO,VIVANCO,CARRASCO,APROBADA,NO
DIPUTADO,LEOCAN,PORTUS,URBINA,APROBADA,SI
DIPUTADO,BRIGIDA,BEROIZA,LEVI,APROBADA,SI
SENADOR,KATHERINE RUPERTINA,QUILODRAN,PARRA,APROBADA,NO
DIPUTADO,KAREN ANDREA,MEDINA,VASQUEZ,APROBADA,SI
SENADOR,DARWIN RODRIGO,ACUÑA,BECERRA,APROBADA,SI
DIPUTADO,VIVIANA SOLEDAD,GONZALEZ,HERRERA,APROBADA,SI
DIPUTADO,PAOLA,MONCADA,VENEGAS,APROBADA,SI
DIPUTADO,PAOLA VERONICA,NAHUELHUAL,CATALAN,APROBADA,SI
DIPUTADO,HECTOR,CUMILAF,HUENTEMIL,APROBADA,NO
DIPUTADO,MAURICIO ANTONIO,OJEDA,REBOLLEDO,APROBADA,SI
DIPUTADO,ADEMAR OCTAVIO,MUÑOZ,RIFO,APROBADA,SI
DIPUTADO,GONZALO ANDRES,CARRASCO,CURILEM,APROBADA,SI
DIPUTADO,JAVIER ANTONIO,OLAVARRIA,MORALES,APROBADA,SI
DIPUTADO,IVAN,BUSTAMANTE,NAVARRO,APROBADA,SI
DIPUTADO,XIMENA ALEJANDRA,URIBE,CANOBRA,APROBADA,SI
SENADOR,KARIM ANTONIO,BIANCHI,RETAMALES,APROBADA,SI
DIPUTADO,RICARDO ALEJANDRO,DELGADO,GAETE,APROBADA,SI
DIPUTADO,ALEJANDRA,NOVOA,SANDOVAL,APROBADA,SI
DIPUTADO,RICARDO,GARCIA-HUIDOBRO,ANDAI,APROBADA,SI
DIPUTADO,SILVIA FABIOLA,PEREIRA,FOSTER,APROBADA,SI
DIPUTADO,MACARENA ALEJANDRA,FERNANDEZ,NUÑEZ,APROBADA,SI
DIPUTADO,NICOLAS EMILIO,FREIRE,CASTELLO,APROBADA,SI
DIPUTADO,YERKO EDVARD,SCHEIHING,SEPULVEDA,APROBADA,SI
DIPUTADO,VICTOR HUGO,ANTIL,CAYUQUEO,APROBADA,SI
DIPUTADO,NICOLAS,PREUSS,HERRERA,APROBADA,SI
DIPUTADO,CRISTIAN MAURICIO,CUSTA,SAPIAINS,APROBADA,SI
DIPUTADO,MARIA FRANCISCA,VALENZUELA,SERMINI,APROBADA,SI
DIPUTADO,PAZ,ANASTASIADIS,LE ROY,APROBADA,SI
DIPUTADO,FRANCISCA MARIA,PRIETO,ALCALDE,APROBADA,SI
DIPUTADO,JACQUELINE,QUINTANA,MUÑOZ,APROBADA,SI
DIPUTADO,JOSEFA,BELMAR,BAHAMONDEZ,APROBADA,NO
DIPUTADO,MAURICIO ANTONIO,SANTANDER,VIDELA,APROBADA,SI
DIPUTADO,JONATHAN,GOMEZ,ROJAS,APROBADA,SI
DIPUTADO,NATALIA,CASTILLO,MUÑOZ,APROBADA,SI
DIPUTADO,SANDRA PAZ,MARTINEZ,RUBIO,APROBADA,SI
DIPUTADO,AXEL PATRICIO,GONZALEZ,VALDEBENITO,APROBADA,SI
DIPUTADO,DAVID RODRIGO,ELGUETA,ALVAREZ,APROBADA,SI
DIPUTADO,GIOVANKA,LUENGO,FIGUEROA,APROBADA,SI
SENADOR,PAULINA ANDREA,NUÑEZ,URRUTIA,APROBADA,SI
DIPUTADO,PAULA,NIEVAS,SILVA,APROBADA,SI
DIPUTADO,LESLIE TAMARA,MIRANDA,RAMOS,APROBADA,NO
DIPUTADO,MONSERRAT,CANDIA,ROCHA,APROBADA,SI
DIPUTADO,VIVIANA ANDREA,GONZALEZ,NAVARRO,APROBADA,NO
DIPUTADO,JAIME SALVADOR,SAEZ,QUIROZ,APROBADA,NO
DIPUTADO,FELIPE,GONZALEZ,LOPEZ,APROBADA,SI
DIPUTADO,ALONSO ALEJANDRO,MUÑOZ,PEREZ,APROBADA,SI
DIPUTADO,JAVIERA IGNACIA,MORALES,ALVARADO,APROBADA,SI
SENADOR,MARIA DE LOS ANGELES,FLORES,RODRIGUEZ,APROBADA,SI
DIPUTADO,JESSICA DEL CARMEN,CAYUPI,LLANCALEO,APROBADA,SI
DIPUTADO,RODRIGO ANDRES,MORENO,MIRANDA,APROBADA,SI
DIPUTADO,PABLO,VIDAL,ROJAS,APROBADA,SI
DIPUTADO,MAXIMO RODRIGO,LEMUS,OLIVARES,RECHAZADA,NO
SENADOR,GIANNINA TERESA,GONZALEZ,MICHEA,APROBADA,SI
DIPUTADO,ANA VALESKA,MUÑOZ,MUÑOZ,APROBADA,SI
DIPUTADO,PAULA ANDREA,OLMOS,CONTRERAS,APROBADA,SI
DIPUTADO,MARGARITA ERNESTINA,GUERRERO,ZAMORA,APROBADA,SI
DIPUTADO,JONATHAN ARTURO,RIOS,PUEBLA,APROBADA,SI
DIPUTADO,JAVIER CLAUDIO DAVID,OLIVA,BERMEDO,APROBADA,SI
SENADOR,FABIOLA,CAMPILLAI,ROJAS,APROBADA,SI
DIPUTADO,ANIBAL ANDRES,NAVARRETE,CARRASCO,APROBADA,SI
SENADOR,ROBERTO ALEJANDRO,GUZMAN,AVENDAÑO,APROBADA,SI
DIPUTADO,NELSON ALEXANDER,CARES,ORMEÑO,APROBADA,SI
DIPUTADO,RODRIGO ANDRES,CASTRO,GALAZ,APROBADA,NO
DIPUTADO,MARIO AUGUSTO,OGAZ,ORELLANA,APROBADA,SI
DIPUTADO,DIEGO,BULNES,VALDES,APROBADA,SI
DIPUTADO,JUAN,IRARRAZAVAL,ROSSEL,APROBADA,SI
SENADOR,MACARENA DEL PILAR,MATAS,PICART,APROBADA,SI
DIPUTADO,LUIS ANTONIO,LEVI,ANINAO,APROBADA,SI
DIPUTADO,LORENA,JARA,JARA,APROBADA,SI
DIPUTADO,ROBERTO,CAMPOS,WEISS,APROBADA,SI
DIPUTADO,DAVID EDUARDO,WELLMANN,BUSTAMANTE,APROBADA,SI
DIPUTADO,CAROLINA ANDREA,CHAVEZ,ECHEVERRIA,APROBADA,SI
DIPUTADO,ROSSE-MARY,RAND,CONTRERAS,APROBADA,SI
DIPUTADO,JAIME,ARAVENA,ARAVENA,APROBADA,NO
DIPUTADO,MARISOL DEL CARMEN,BAÑARES,ZUÑIGA,APROBADA,SI
SENADOR,RICARDO FELIPE,VARGAS,VALENZUELA,APROBADA,SI
DIPUTADO,GONZALO DANIEL,CAMPUSANO,YAÑEZ,APROBADA,SI
DIPUTADO,LESLIE,SANCHEZ,LOBOS,APROBADA,SI
DIPUTADO,YERKO HERNAN,SEPULVEDA,POBLETE,APROBADA,SI
SENADOR,LUZ ANDREA,BERMUDEZ,SANDOVAL,APROBADA,SI
DIPUTADO,ONESIMA,RIQUELME,LIENQUEO,APROBADA,SI
DIPUTADO,FRANCISCO JAVIER,PINOCHET,ROJAS,APROBADA,SI
SENADOR,GALIA TATIANA,AGUILERA,CABALLERO,APROBADA,SI
DIPUTADO,BEATRIZ GABRIELA LEONOR ANGELICA,OLIVARES,VELASCO,APROBADA,SI
DIPUTADO,RAUL,FUHRER,SANCHEZ,APROBADA,SI
DIPUTADO,TOMAS,HOFFMANN,OPAZO,APROBADA,SI
DIPUTADO,CRISTOBAL,MARTINEZ,RAMIREZ,APROBADA,SI
DIPUTADO,JORGE RAUL,ESTAY,OLGUIN,APROBADA,SI
DIPUTADO,DANIEL,BUSTOS,AGUAYO,RECHAZADA,NO
SENADOR,CAROLINA EILYN,GONZALEZ,ABARCA,RECHAZADA,SI
SENADOR,SANDRA AMERICA,NEIRA,ESPINOZA,APROBADA,SI
SENADOR,RUTH IRENE,ALVARADO,MONTES,APROBADA,NO
DIPUTADO,CRISTOBAL ANDRES,RODRIGUEZ,OLIVARES,APROBADA,SI
DIPUTADO,MARIA JOSE,DIAZ,BECERRA,APROBADA,SI
DIPUTADO,ESTEBAN MAURICIO,CHAVEZ,RIVERA,APROBADA,SI
DIPUTADO,MATIAS FELIPE,RAMIREZ,PASCAL,APROBADA,SI
DIPUTADO,GONZALO ENRIQUE,WARD,GARFIAS,APROBADA,SI
DIPUTADO,JORGE DAVID,PARRA,ACUÑA,APROBADA,SI
DIPUTADO,CAMILO ANTONIO,CAMMAS,BRANGIER,APROBADA,SI
DIPUTADO,NATALY VALESKA,FINLEZ,ZARATE,APROBADA,SI
DIPUTADO,JAIME FELIPE,RETAMALES,GUZMAN,RECHAZADA,NO
DIPUTADO,JENNIFFER LILIANA,ISLA,PIZARRO,APROBADA,SI
DIPUTADO,GERMAN GABRIEL,DELGADO,AYALA,APROBADA,SI
DIPUTADO,LUIS,CASADO,ZURITA,APROBADA,SI
SENADOR,TAMARA JOCELYN,GAYTAN,CHAVEZ,APROBADA,SI
DIPUTADO,RUDDY,FIGUEROA,GONZALEZ,APROBADA,SI
DIPUTADO,CARLOS ENRIQUE,VEGA,RAMOS,APROBADA,SI
DIPUTADO,NATALIA,ROMERO,TALGUIA,APROBADA,SI
DIPUTADO,CAROLINA,CARCAMO,HERNANDEZ,APROBADA,SI
DIPUTADO,CAROLINA,TELLO,ROJAS,APROBADA,SI
SENADOR,DOMINGO,LARA,IZQUIERDO,APROBADA,SI
DIPUTADO,PABLO IGNACIO,VERDUGO,VERGARA,APROBADA,SI
DIPUTADO,MAXIMILIANO ROBERTO,ARREPOL,COLLANTE,APROBADA,SI
DIPUTADO,GONZALO HERIBERTO,TAMBLAY,TAPIA,APROBADA,NO
DIPUTADO,JORGE,GUZMAN,ZEPEDA,APROBADA,SI
DIPUTADO,ANA CECILIA,RETAMAL,RAMOS,APROBADA,NO
SENADOR,KARINA LORETTA,OLIVA,PEREZ,APROBADA,SI
DIPUTADO,SINDY,SALAZAR,PINCHEIRA,APROBADA,SI
DIPUTADO,MARCOS RAFAEL,PAZ,SILVA,APROBADA,SI
DIPUTADO,FELIPE EMILIO,ARANDA,SARAVIA,APROBADA,SI
DIPUTADO,FERNANDO,SAN ROMAN,BASCUÑAN,APROBADA,SI
SENADOR,ANTARIS CATALINA,VARELA,COMPAGNON,APROBADA,NO
DIPUTADO,CHRISTIAN ARIEL,GALLARDO,CASTRO,APROBADA,SI
DIPUTADO,CRISTOBAL,SAAVEDRA,ALARCON,APROBADA,SI
SENADOR,DANIELA,DRESDNER,VICENCIO,APROBADA,SI
DIPUTADO,MIGUEL,CRISPI,SERRANO,APROBADA,SI
DIPUTADO,FRANCISCO JAVIER,VALENCIA,MUÑOZ,APROBADA,SI
DIPUTADO,DIEGO IGNACIO,SCHALPER,SEPULVEDA,APROBADA,SI
DIPUTADO,SOFIA,RENGIFO,OTTONE,APROBADA,SI
DIPUTADO,MIGUEL ANGEL,CALISTO,AGUILA,RECHAZADA,SI
DIPUTADO,NATHALI VALESKA,ROA,REBOLLEDO,APROBADA,SI
DIPUTADO,CARLA NATALIA,ALLENDES,SOZA,APROBADA,SI
DIPUTADO,MARJORIE LISSETTE,ARAYA,ROBLES,APROBADA,NO
DIPUTADO,DORIAN OBRYAN,GODOY,ACUÑA,APROBADA,NO
SENADOR,FABIOLA MABEL,MOYA,HERNANDEZ,APROBADA,SI
DIPUTADO,VINKA ESTEFANIA,PUSICH,CAMACHO,APROBADA,SI
SENADOR,JACQUELINE,SANTANDER,MIRANDA,APROBADA,SI
DIPUTADO,MAURO DANIEL,GONZALEZ,VILLARROEL,APROBADA,NO
DIPUTADO,ANDRES ALEJANDRO,SANTANA,RIQUELME,APROBADA,SI
DIPUTADO,ALEJANDRO ESTEBAN,OVALLE,CONTRERAS,APROBADA,SI
DIPUTADO,SHIRLEY FABIOLA,LEIVA,CATALAN,RECHAZADA,NO
DIPUTADO,GUILLERMO,ROA,URZUA,APROBADA,SI
DIPUTADO,TOMAS,FUENTES,BARROS,APROBADA,SI
DIPUTADO,JEANNETTE IVONNE,MEDEL,QUILODRAN,APROBADA,SI
DIPUTADO,LUIS,LOBOS,MEZA,APROBADA,SI
DIPUTADO,NATALY JAZMIN,DE LA HOZ,MORAGA,APROBADA,SI
SENADOR,CAROLINA SILVANA,FIGUEROA,OLAVE,APROBADA,SI
DIPUTADO,ELIZABETH,RODRIGUEZ,SIERRA,APROBADA,SI
DIPUTADO,SEBASTIAN PATRICIO,VIDELA,CASTILLO,APROBADA,SI
SENADOR,CLAUDIO ALEXIS,MELLA,ZAMORANO,APROBADA,SI
DIPUTADO,JOHANNA VALESKA,ORTEGA,LARRAÑAGA,APROBADA,SI
DIPUTADO,TERESA MATILDE ALBERTINA,ALMONACID,ALMONACID,APROBADA,SI
DIPUTADO,VANESSA JACQUELINNE,HUAIQUIMILLA,PINOCHET,APROBADA,SI
SENADOR,PABLO,RIVEROS,QUIROZ,APROBADA,SI
DIPUTADO,PAULA,LABRA,BESSERER,APROBADA,SI
DIPUTADO,ANDRES,BOCAZ,CHACON,APROBADA,SI
SENADOR,RODRIGO ENRIQUE,URZUA,CHAVEZ,APROBADA,SI
DIPUTADO,ANGELICA,VELASQUEZ,PEREZ,APROBADA,NO
DIPUTADO,FLORENCIA CONSTANZA,LAGOS,NEUMANN,APROBADA,SI
DIPUTADO,FELIPE ANDRES,CORVALAN,DESTEFANI,APROBADA,SI
DIPUTADO,GONZALO,WINTER,ETCHEBERRY,APROBADA,SI
SENADOR,CARLA DANIELA,AMTHAUER,GONZALEZ,APROBADA,SI
DIPUTADO,MIGUEL,CONCHA,MANSO,APROBADA,SI
DIPUTADO,MONICA TAMARA,ARCE,CASTRO,APROBADA,NO
SENADOR,DAIANA,SQUELLA,VENENCIANO,APROBADA,SI
DIPUTADO,FRANCHESCA CAROLINE,HERNANDEZ,VELIZ,APROBADA,SI
DIPUTADO,JOSEFFE TAMARA,CACERES,TORRES,APROBADA,SI
DIPUTADO,DYNKO HANZ,KOTHER,VALDIVIA,APROBADA,SI
DIPUTADO,EDUARDO,GARCIA,URZUA,APROBADA,SI
DIPUTADO,JORGE,ACOSTA,ACOSTA,APROBADA,SI
DIPUTADO,ALEXANDER OLIVER,SALIN,ESPINOZA,APROBADA,SI
DIPUTADO,RAMON YUC-LIONG,KONG,GONZALEZ,APROBADA,SI
SENADOR,MARIANA CECILIA,GUTIERREZ,GARCIA,APROBADA,SI
DIPUTADO,FELIPE ALFONSO,RODRIGUEZ,VASQUEZ,APROBADA,SI
DIPUTADO,EALEEN CHRISWORT,FOX,MARSHALL,APROBADA,SI
DIPUTADO,TAMARA DEL CARMEN,AVENDAÑO,LEVINAO,APROBADA,NO
DIPUTADO,YERKO ALEXIS,CORTES,ROJAS,APROBADA,SI
DIPUTADO,ROMINA ANDREA,MARAGAÑO,SCHMIDT,APROBADA,SI
DIPUTADO,ANDREA VALESKA,BERRIOS,VALENZUELA,APROBADA,SI
DIPUTADO,VLADO,MIROSEVIC,VERDUGO,APROBADA,SI
DIPUTADO,ANTONIO ALEJANDRO,PAEZ,AGUILAR,APROBADA,SI
SENADOR,ROCIO,DONOSO,PINEDA,APROBADA,SI
DIPUTADO,CAMILA,ARENAS,CASTILLO,APROBADA,SI
DIPUTADO,LORENZO,BASCUÑAN,HEVIA,APROBADA,SI
DIPUTADO,MATIAS ANTONIO,MORALES,PRADO,APROBADA,SI
DIPUTADO,JUAN MARCELO,VALENZUELA,HENRIQUEZ,APROBADA,SI
DIPUTADO,PABLO,SANCHEZ,MARQUEZ,APROBADA,SI
DIPUTADO,OMAR PAUL HEINER,REESE,ERICES,APROBADA,SI
DIPUTADO,GLORIA EVELYN,HERRERA,PEREZ,APROBADA,SI
DIPUTADO,SEBASTIAN NOE,GONZALEZ,DONOSO,APROBADA,SI
DIPUTADO,VANESSA NATALIE,BARRIA,BARRIA,APROBADA,NO
DIPUTADO,CAROLINA,OLATE,SANCHEZ,APROBADA,NO
DIPUTADO,LEO,TULLERES,CABRERA,APROBADA,NO
DIPUTADO,CAMILA ALEJANDRA,FLORES,OPORTO,APROBADA,SI
DIPUTADO,MARIA JOSE,LEIVA,JOPIA,APROBADA,NO
DIPUTADO,KEVIN ANDRES,BUSTAMANTE,ALAMOS,APROBADA,SI
DIPUTADO,JUAN PABLO,RIVERA,GONZALEZ,APROBADA,SI
DIPUTADO,SEBASTIAN VICENTE,CARMONA,ORQUERA,RECHAZADA,NO
DIPUTADO,DANIELA MARGARITA ESMERALDA,RIQUELME,PEREZ,APROBADA,SI
DIPUTADO,LEANDRO,KUNSTMANN,COLLADO,APROBADA,SI
DIPUTADO,TABINA GABRIELA,MANQUE,MANQUE,APROBADA,SI
DIPUTADO,TOMAS,DE REMENTERIA,VENEGAS,APROBADA,SI
DIPUTADO,SOFIA ALEJANDRA,GONZALEZ,CORTES,APROBADA,SI
DIPUTADO,JOSE CARLOS,MEZA,PEREIRA,APROBADA,SI
DIPUTADO,MARIA PAZ,MUÑOZ,SOLIS,APROBADA,SI
DIPUTADO,ALEJANDRA MARJORIE,CEBALLOS,ROJAS,APROBADA,SI
DIPUTADO,MARIA JOSE,CUMPLIDO,BAEZA,APROBADA,SI
DIPUTADO,LUIS EDUARDO,SANTIBAÑEZ,PEREZ,APROBADA,SI
DIPUTADO,RODRIGO,MUÑOZ,SOTO,APROBADA,SI
DIPUTADO,DANIELA NATALY,GONZALEZ,FARIÑA,APROBADA,NO
DIPUTADO,KAROL AIDA,CARIOLA,OLIVA,APROBADA,SI
DIPUTADO,ANDRES,GIORDANO,SALAZAR,APROBADA,SI
DIPUTADO,RONALD EDUARDO,PEREZ,CUEVAS,APROBADA,NO
DIPUTADO,ENGEL ANDREA,ZUÑIGA,ORELLANA,APROBADA,SI
DIPUTADO,MARCELA,CUBILLOS,HEVIA,APROBADA,SI
DIPUTADO,DANIELA FRANCISCA,VILLARROEL,MUÑOZ,RECHAZADA,NO
DIPUTADO,LESTER PATRICIO,CALDERON,HERNANDEZ,APROBADA,SI
DIPUTADO,NOELIA ALEJANDRA,SEGOVIA,REYES,APROBADA,NO
DIPUTADO,CAMILA ALEJANDRA,MEDINA,GAETE,APROBADA,SI
DIPUTADO,LUNA JORAM,PEÑALOZA,AGUIRRE,APROBADA,SI
DIPUTADO,JAVIERA CONSTANZA,MARQUEZ,BASUALTO,APROBADA,NO
DIPUTADO,MARIA FRANCISCA,BELLO,CAMPOS,APROBADA,NO
DIPUTADO,MAITE,ORSINI,PASCAL,APROBADA,SI
DIPUTADO,JESUS ALIER,TORRES,ROLDAN,APROBADA,SI
DIPUTADO,RUBEN DARIO,MARCOS,VELASQUEZ,APROBADA,SI
DIPUTADO,CAMILO MARTIN,JOFRE,CAÑIPA,APROBADA,NO
DIPUTADO,PILAR,NUÑEZ,SEGOVIA,APROBADA,NO
DIPUTADO,DANIEL,CARDENAS,MANSILLA,APROBADA,SI
DIPUTADO,KARIN,MELLA,CANDIA,APROBADA,SI
DIPUTADO,VALESKA FRANCISCA,GOMEZ,URRUTIA,APROBADA,SI
DIPUTADO,ANDREA ALEJANDRA,ESTAY,CAAMAÑO,APROBADA,SI
DIPUTADO,DANIELLA,CICARDINI,MILLA,APROBADA,SI
DIPUTADO,CATALINA BEATRIZ,DIAZ,HENRIQUEZ,RECHAZADA,NO
DIPUTADO,RAUL,SOTO,MARDONES,APROBADA,SI
DIPUTADO,JUAN PABLO,ALARCON,QUINTEROS,APROBADA,SI
DIPUTADO,JOSEFA,FAUNDEZ,ESPINOZA,APROBADA,SI
DIPUTADO,ALVARO ANDRES,PEREZ,JORQUERA,APROBADA,SI
DIPUTADO,SERGIO ANTONIO,PALMA,BRIONES,APROBADA,SI
DIPUTADO,CAMILA IGNACIA,BRICEÑO,CARRASCO,APROBADA,SI
DIPUTADO,ISABEL DEL CARMEN,CAYUL,PIÑA,APROBADA,SI
DIPUTADO,RODRIGO,SALDIVIA,VERA,APROBADA,SI
DIPUTADO,LUIS FERNANDO,SANCHEZ,OSSA,APROBADA,SI
DIPUTADO,DIEGO EDUARDO,IBAÑEZ,COTRONEO,APROBADA,SI
DIPUTADO,CONSTANZA ANDREA,VARGAS,AGUILA,APROBADA,SI
DIPUTADO,NATHALY PAZ,FLORES,TORRES,APROBADA,SI
DIPUTADO,JAVIERA,HORMAZABAL,MARTIN,APROBADA,SI
DIPUTADO,EDUARDO ANTONIO,OCAMPO,CASTILLO,APROBADA,SI
DIPUTADO,PABLO ANDRES,IRIARTE,RAMIREZ,APROBADA,SI
DIPUTADO,EDUARDO RODRIGO,GALVEZ,CANCINO,APROBADA,SI
DIPUTADO,MAIDY LEDY,VELASQUEZ,VERA,APROBADA,SI
DIPUTADO,CAMILA ALONDRA,POLIZZI,FONCECA,APROBADA,SI
DIPUTADO,JOSEFA SOFIA,BONILLA,MORENO,APROBADA,SI
DIPUTADO,PAZ,CHARPENTIER,RAJCEVICH,APROBADA,SI
DIPUTADO,NARGARET VIKI,CRISTI,CARIAGA,APROBADA,SI
DIPUTADO,CRISTIAN,ARAYA,LERDO DE TEJADA,APROBADA,SI
DIPUTADO,MAGDALENA,VERGARA,VIAL,APROBADA,SI
DIPUTADO,SERGIO LUIS,CUBILLOS,VERASAY,APROBADA,SI
DIPUTADO,BARBARA,BUSTOS,OSORIO,APROBADA,NO
DIPUTADO,JAVIER ANTONIO,SANHUEZA,PARRA,APROBADA,SI
DIPUTADO,GAEL FERNANDA,YEOMANS,ARAYA,APROBADA,SI
DIPUTADO,RAISA TAMARA,MARTINEZ,MUÑOZ,APROBADA,SI
DIPUTADO,JENNY ARACELI,IBARRA,CONCHA,APROBADA,SI
SENADOR,MARIA JOSE,GATICA,BERTIN,APROBADA,SI
DIPUTADO,CESAR ANDRES,RETAMAL,MONSALVES,APROBADA,SI
DIPUTADO,NORMAN,ROMO,GROGG,APROBADA,SI
DIPUTADO,NICOLAS FELIPE,ARANCIBIA,COLLAO,APROBADA,SI
DIPUTADO,WILSON,GUTIERREZ,GUTIERREZ,APROBADA,NO
DIPUTADO,HECTOR ARMANDO,ANABALON,ZURITA,APROBADA,SI
DIPUTADO,DANIELA ABIGAIL,CARVACHO,DIAZ,APROBADA,SI
DIPUTADO,LUIS,FUENTES,LOBOS,APROBADA,SI
DIPUTADO,JUAN DE DIOS,VALDIVIESO,TAGLE,APROBADA,SI
DIPUTADO,ANDREA BERNARDITA,FLORES,CALDERON,APROBADA,SI
DIPUTADO,FELIPE,VALDOVINOS,RODRIGUEZ,APROBADA,SI
DIPUTADO,MIGUEL ANDRES,VILLANUEVA,GARRIDO,APROBADA,SI
DIPUTADO,AMERICO EUGENIO,AEDO,URRA,APROBADA,NO
DIPUTADO,HENRY CHRISTOPHER,BOYS,LOEB,APROBADA,SI
DIPUTADO,JAIME ANTONIO,GALAZ,GUZMAN,APROBADA,SI
DIPUTADO,JORGE,BRITO,HASBUN,APROBADA,SI
DIPUTADO,JUAN,SANTANA,CASTILLO,APROBADA,SI
DIPUTADO,FRANCISCO JAVIER,BAEZA,LEIVA,APROBADA,SI
DIPUTADO,MONSERRAT ALEJANDRA,ARRATIA,ZAPATA,RECHAZADA,NO
DIPUTADO,MANUEL ANTONIO,RIOS,SAAVEDRA,APROBADA,SI
DIPUTADO,JORGE,BUSTOS,MELLADO,APROBADA,SI
DIPUTADO,TAMARA,ROGERS,SUFAN,APROBADA,SI
DIPUTADO,PAMELA ANDREA,HIDALGO,PARRA,APROBADA,NO
DIPUTADO,JUAN PABLO,RODRIGUEZ,OYARZUN,APROBADA,SI
DIPUTADO,JORGE ALEJANDRO,SEPULVEDA,ROSALES,APROBADA,NO
DIPUTADO,ENRIQUE,ESTAY,CUEVAS,APROBADA,SI
DIPUTADO,CAMILA CRISTINA,MEZA,HERRERA,APROBADA,NO
DIPUTADO,DIANA NICOL,MADARIAGA,FERNANDEZ,APROBADA,SI
DIPUTADO,YENIFER ALEJANDRA,CARRASCO,TORRES,APROBADA,SI
DIPUTADO,VALERIA PAZ,YAÑEZ,ALVAREZ,APROBADA,SI
DIPUTADO,BEATRIZ ALEJANDRA,BRAVO,VACA,APROBADA,NO
DIPUTADO,GABRIEL,DOMINGUEZ,VALDES,APROBADA,SI
DIPUTADO,MATIAS JAIR,TOLEDO,HERRERA,APROBADA,SI
DIPUTADO,CAMILO ANDRE,BASTIAS,FLORES,APROBADA,SI
DIPUTADO,CAMILA PAZ,CASTILLO,GUERRERO,APROBADA,SI
DIPUTADO,NESTOR LUIS,VERA,ROJAS,APROBADA,SI
DIPUTADO,SILVANA ANDREA,CARCAMO,JEREZ,APROBADA,SI
DIPUTADO,NICOLAS ESTEBAN,PINO,BARRERA,APROBADA,SI
DIPUTADO,CAMILA VANESSA,CARTES,CORDERO,APROBADA,NO
DIPUTADO,SARA AIDA,MIRANDA,SILVA,APROBADA,SI
DIPUTADO,ENRIQUE JOSE,PARRA,MENA,APROBADA,NO
DIPUTADO,MACARENA ANDREA,PARRA,PARRA,APROBADA,SI
DIPUTADO,CARLOS,CONTRERAS,PARRA,APROBADA,SI
DIPUTADO,CAMILA FERNANDA,MUSANTE,MULLER,APROBADA,SI
DIPUTADO,DANIELA BEATRIZ,AVILES,HONORES,APROBADA,NO
DIPUTADO,CARLOS ALFREDO,OYARZUN,CONCHA,APROBADA,SI
DIPUTADO,DIEGO,PACO,MAMANI,APROBADA,SI
DIPUTADO,CAMILA FERNANDA,AGUILAR,TORRES,APROBADA,SI
DIPUTADO,ESTEBAN HERNAN,BARAHONA,CONTRERAS,APROBADA,SI
DIPUTADO,ANDRES,CARRERA,OLIVEROS,APROBADA,SI
DIPUTADO,FRANK,ALMENDARES,MULLER,APROBADA,SI
DIPUTADO,VANJA,ROGOSICH,CVITANIC,APROBADA,NO
DIPUTADO,TABITA SARAI,SILVA,LEIVA,APROBADA,SI
DIPUTADO,TOMAS IGNACIO,LAGOMARSINO,GUZMAN,APROBADA,SI
DIPUTADO,CAMILA PAZ,CACERES,FUENTES,APROBADA,SI
DIPUTADO,BENJAMIN,LORCA,INZUNZA,APROBADA,SI
DIPUTADO,VALESKA ALEJANDRA,CONCHA,CISTERNA,APROBADA,SI
DIPUTADO,ANITA PAZ,JARAMILLO,GALLARDO,APROBADA,SI
DIPUTADO,ALEJANDRA,SEPULVEDA,TORRES,APROBADA,SI
DIPUTADO,GASPAR MATEO,ORTIZ,CARDENAS,APROBADA,SI
DIPUTADO,JEAN-PAUL,SIERRA,HIDALGO,APROBADA,SI
DIPUTADO,ANA,GALLARDO,CARRASCO,APROBADA,SI
DIPUTADO,CHRISTIAN ALBERTO,ASTUDILLO,MUÑOZ,APROBADA,SI
DIPUTADO,KARLA JACQUELINE,PERALTA,DIAZ,APROBADA,NO
DIPUTADO,CAMILA ANDREA,DELGADO,TRONCOSO,APROBADA,SI
DIPUTADO,ABIGAIL ALEJANDRA,CARCAMO,MARTINEZ,APROBADA,SI
DIPUTADO,GABRIEL ALFONSO,MUÑOZ,CARRILLO,APROBADA,SI
DIPUTADO,JUAN PABLO,SANHUEZA,TORTELLA,APROBADA,NO
DIPUTADO,ELIAS IGNACIO,MUÑOZ,PARRA,APROBADA,NO
DIPUTADO,IANCU ANDRES,CORDESCU,DONOSO,APROBADA,SI
DIPUTADO,GABRIEL ESTEBAN,RAMOS,NUÑEZ,APROBADA,SI
DIPUTADO,MATIAS GABRIEL,GAZMURI,KRUBERG,APROBADA,NO
DIPUTADO,MARIANA ANDREA,PIÑONES,HIDALGO,APROBADA,SI
DIPUTADO,CAMILA,BRUNA,FAUNDES,APROBADA,SI
DIPUTADO,FERNANDO ENRIQUE,MARTINEZ,VERGARA,APROBADA,SI
DIPUTADO,CONSTANZA FLORENCIA,VALDES,CONTRERAS,APROBADA,SI
DIPUTADO,FELIPE,CAMAÑO,CARDENAS,APROBADA,SI
DIPUTADO,CAMILA RUZLAY,ROJAS,VALDERRAMA,APROBADA,SI
DIPUTADO,FABIAN ANDRES,ABURTO,ABURTO,APROBADA,SI
DIPUTADO,FRANCISCA LORETO,ARANGUIZ,VERGARA,APROBADA,SI
DIPUTADO,LORETO,BUSTOS,SALGADO,APROBADA,SI
DIPUTADO,CRISTIAN EDUARDO,PUENTES,RIVAS,APROBADA,SI
DIPUTADO,DANIELA,ASENJO,GARRIDO,APROBADA,SI
DIPUTADO,JEAN PIERRE,VARAS,DELGADO,APROBADA,SI
DIPUTADO,PRISCILA VERONICA,GONZALEZ,CARRILLO,APROBADA,SI
DIPUTADO,CAMILO,MORAN,BAHAMONDES,APROBADA,SI
DIPUTADO,NICOLAS FRANCISCO,AGUILERA,FERNANDEZ,APROBADA,SI
DIPUTADO,JUAN ALEJANDRO,TIRADO,BARRERA,APROBADA,NO
DIPUTADO,TAMARA ALEJANDRA,RAMIREZ,RAMIREZ,APROBADA,SI
DIPUTADO,DIEGO FERNANDO,BRAVO,MORALES,APROBADA,SI
DIPUTADO,PAOLA ANDREA,COFRE,VILLALOBOS,APROBADA,SI
DIPUTADO,GASTON ALFREDO,FLORES,ORDENES,APROBADA,SI
DIPUTADO,FRANCISCO NICOLAS,JAIME,ROJAS,APROBADA,SI
DIPUTADO,LUIS FABIAN,MALLA,VALENZUELA,APROBADA,SI
DIPUTADO,JUAN PABLO,CIUDAD,PEREZ,APROBADA,SI
DIPUTADO,NICOLAS,MARTINEZ,BENIMELIS,APROBADA,SI
DIPUTADO,CESAR,LEIVA,RUBIO,APROBADA,SI
DIPUTADO,FRANCIA NICOLE,MUÑOZ,DONOSO,APROBADA,SI
DIPUTADO,IGNACIO PATRICIO,VIDAL,RIVERS,APROBADA,SI
DIPUTADO,DANITZA SCARLETH,ORTIZ,VIVEROS,APROBADA,SI
DIPUTADO,ALEJANDRA PAZ,DECAP,CONTRERAS,APROBADA,NO
DIPUTADO,MAKARENA ISABEL,ARIAS,VARGAS,APROBADA,SI
DIPUTADO,JUAN PAULO,BASTERRECHEA,MADRID,APROBADA,SI
DIPUTADO,BRIAN,RIVAS,TIZNADO,APROBADA,NO
DIPUTADO,NICOLE,MARTINEZ,ARANDA,APROBADA,SI
DIPUTADO,CATALINA,PEREZ,SALINAS,APROBADA,SI
DIPUTADO,BARBARA ANDREA,VERA,SEPULVEDA,APROBADA,SI
DIPUTADO,ARIEL,MARCHIONI,BOWEN,APROBADA,SI
DIPUTADO,DIEGO ALEJANDRO,BAEZA,SEPULVEDA,APROBADA,NO
DIPUTADO,KAREN,CONA,HUENCHULAF,APROBADA,NO
DIPUTADO,GABRIELA DEL CARMEN,ESPAÑA,COLLIO,APROBADA,SI
DIPUTADO,SOFIA,DURAN,ESCOBAR,APROBADA,NO
DIPUTADO,ANGEL ANDRES,DELGADO,CARDENAS,APROBADA,SI
DIPUTADO,VALENTINA PAZ,ALBARRACIN,GONZALEZ,APROBADA,NO
DIPUTADO,MAURICIO ALEJANDRO,LEPIN,ANIÑIR,APROBADA,SI
DIPUTADO,CRISTIAN IGNACIO,SEPULVEDA,MUÑOZ,APROBADA,NO
DIPUTADO,MARIANA,SANDOVAL,LLANCAFIL,APROBADA,SI
DIPUTADO,ROBERTO ANTONIO,MANZANO,PEREZ,APROBADA,NO
DIPUTADO,FRANCISCO JAVIER,ARIAS,TERUEL,APROBADA,SI
DIPUTADO,ISABEL,GARRIDO,CASASSA,APROBADA,SI
DIPUTADO,SUSANA SALIME,HIPLAN,ESTEFFAN,APROBADA,SI
DIPUTADO,DAUNO,TOTORO,NAVARRO,APROBADA,SI
DIPUTADO,ESTRELLA CONSTANZA,MEZA,LAVANDERO,APROBADA,SI
DIPUTADO,NATALIA,ARAYA,AVILES,APROBADA,SI
DIPUTADO,BENJAMIN,MORENO,BASCUR,APROBADA,SI
DIPUTADO,JOAQUIN,SALDIVIA,JARPA,APROBADA,SI
DIPUTADO,ALEXANDRA,MACHUCA,NORAMBUENA,APROBADA,SI
DIPUTADO,JAIME ANTONIO,FUENTES,PURRAN,APROBADA,SI
DIPUTADO,RODRIGO TOMAS,MALLEA,CARDEMIL,APROBADA,SI
DIPUTADO,FELIPE IGNACIO,ARAYA,PEREZ,APROBADA,SI
DIPUTADO,FELIPE JAVIER,CARCAMO,MORENO,APROBADA,SI
DIPUTADO,ALENA MARIA,GUTIERREZ,MORENO,APROBADA,SI
DIPUTADO,CRISTOBAL EDUARDO,ESPINOZA,TOBAR,APROBADA,SI
DIPUTADO,CONSUELO DE LOS ANGELES,VELOSO,AVILA,APROBADA,SI
DIPUTADO,PEDRO ANTONIO DE JESUS,LEAL,VERGARA,APROBADA,SI
DIPUTADO,PABLO VALENTIN,RECABAL,MATURANA,APROBADA,NO
DIPUTADO,GABRIELA ANDREA,ALVAREZ,DIAZ,APROBADA,SI
DIPUTADO,NAYARIT,ARTEAGA,VALENZUELA,APROBADA,SI
DIPUTADO,TAREK,GIACAMAN,MAHANA,APROBADA,SI
DIPUTADO,MATIAS JESUS,SANCHEZ,DIAZ,APROBADA,SI
DIPUTADO,SEBASTIAN ALEXIS,AVILES,TAPIA,APROBADA,SI
DIPUTADO,DANILO ANDRES,RAMIREZ,CORTES,APROBADA,NO
DIPUTADO,PAULA IGNACIA,CEA,FUENTES,APROBADA,SI
DIPUTADO,CRISTOBAL IGNACIO,MATAMALA,HENRIQUEZ,APROBADA,SI
DIPUTADO,RONALD,VARGAS,DIAZ,APROBADA,NO
DIPUTADO,JONNATHAN AGUSTIN,REMAGGI,SANHUEZA,APROBADA,NO
DIPUTADO,PATRICIO JAVIER,PICHUN,CASTILLO,APROBADA,NO
DIPUTADO,SUELY CILEIDI,ARANCIBIA,BENICIO,APROBADA,SI
DIPUTADO,JANYN ESTEFANIA,ARANEDA,VASQUEZ,APROBADA,SI
DIPUTADO,NATASCHA CAROLINA,GOTSCHLICH,ENRIQUEZ,APROBADA,NO
DIPUTADO,SEBASTIAN ANTONIO,ABARCA,MARIÑO,APROBADA,SI
DIPUTADO,OSCAR ARIEL,SILVA,QUIROZ,APROBADA,SI
DIPUTADO,SARA,CONCHA,SMITH,APROBADA,SI
DIPUTADO,NESTOR NICOLAS,ABARZUA,AVILES,APROBADA,SI
DIPUTADO,CATALINA,OLAVARRIA,NELSON,APROBADA,SI
DIPUTADO,DANIELA ANDREA,SERRANO,SALAZAR,APROBADA,SI
DIPUTADO,CRISTINA,FEMENIAS,SALAS,APROBADA,SI
DIPUTADO,JAVIER ESTEBAN,ALVARADO,VALDES,APROBADA,SI
DIPUTADO,JACQUELINE ALEJANDRA,COZZA,VIOT,APROBADA,SI
DIPUTADO,ROCIO,MIRANDA,CASTILLO,APROBADA,NO
DIPUTADO,FRANCISCO JAVIER ANTONIO,PEREZ,VILLEGAS,APROBADA,SI
DIPUTADO,FRANCISCO DANIEL,GALLARDO,CORTES,APROBADA,NO
DIPUTADO,NATALIA ARACELY,NAHUELMAN,ESPARZA,APROBADA,SI
DIPUTADO,MARIA FERNANDA,OLGUIN,LUENGO,APROBADA,SI
DIPUTADO,CHRISTOPHER RODOLFO,VERGARA,GARCIA,APROBADA,SI
DIPUTADO,YESEBEL,CASTILLO,PANIAGUA,APROBADA,SI
DIPUTADO,NIKOS SUED,ORTEGA,CARDENAS,APROBADA,NO
DIPUTADO,JAVIERA CRISTINA,CALVO,RIFO,APROBADA,SI
DIPUTADO,IRENE VALENTINA,ESPINOZA,TAPIA,APROBADA,SI
DIPUTADO,BARBARA,ARANIBA,VARGAS,APROBADA,NO
DIPUTADO,DRAZEN ANDRE,MARKUSOVIC,CACERES,APROBADA,SI
DIPUTADO,CHIARA,BARCHIESI,CHAVEZ,APROBADA,SI
DIPUTADO,PALOMA CAMILA MARGOTT,TAPIA,BARRIOS,APROBADA,NO
DIPUTADO,CESAR,CASTILLO,MALDONADO,APROBADA,SI
DIPUTADO,EMILIA,SCHNEIDER,VIDELA,APROBADA,SI
DIPUTADO,GABRIELA,CARRERA,VALDES,APROBADA,SI
DIPUTADO,LLACOLEN,MILLAQUIR,PEÑA,APROBADA,SI
DIPUTADO,YAMILA DE LOURDES,MARTINEZ,URRUTIA,APROBADA,NO
DIPUTADO,GISELLA DANITZA,CORTES,GUZMAN,APROBADA,NO
DIPUTADO,MARIA VALENTINA,COFRE,REYES,APROBADA,SI
DIPUTADO,CHRISTOPHER ANTTONIO,OLIVARES,OLIVARES,APROBADA,NO
DIPUTADO,NATALY JAVIERA,OYARZO,CARDENAS,APROBADA,SI
DIPUTADO,IVANNA ALEXANDRA,BUSTAMANTE,RIVEROS,APROBADA,SI
DIPUTADO,ALONDRA CATERINA LIBERTAD,ARELLANO,HERNANDEZ,APROBADA,SI
DIPUTADO,MACARENA FABIOLA,BECKER,GONZALEZ,APROBADA,SI
DIPUTADO,CONSTANZA,GONZALEZ,GONZALEZ,APROBADA,SI
DIPUTADO,MARIA PAZ,ROJAS,ORREGO,APROBADA,SI
DIPUTADO,LINDSEY MARISOL,PAVEZ,TAPIA,APROBADA,SI
DIPUTADO,YURI ERNESTO,PEÑA,JIMENEZ,APROBADA,SI
DIPUTADO,DAMARIS SOLANGE,JARA,NAVARRO,APROBADA,SI
DIPUTADO,DANIEL,MANOUCHEHRI MOGHADAM KASHAN,LOBOS,APROBADA,SI
DIPUTADO,TOMAS ALEJANDRO,JIMENEZ,BURNAS,APROBADA,SI
DIPUTADO,VICENTE ANDRES,ROJAS,ARANCIBIA,APROBADA,SI
DIPUTADO,LYAM ANDRES,RIVEROS,DIAZ,APROBADA,NO
DIPUTADO,DANIEL,LEIVA,CORONEL,APROBADA,SI
DIPUTADO,NICOLAS RINGLER,ARANEDA,MORENO,APROBADA,SI
DIPUTADO,RODRIGO ANDRES,LOPEZ,JARA,APROBADA,SI
DIPUTADO,IGNACIA IRUNE,ABARZUA,RAMIREZ,APROBADA,NO
DIPUTADO,ISIDRO ALFONSO,CONSTANZO,SAEZ,APROBADA,NO
DIPUTADO,JOSEFA MICHELLE,JIMENEZ,AROS,APROBADA,NO
DIPUTADO,DANIEL ANDRES,VARGAS,DOWNING,APROBADA,SI
DIPUTADO,LUZ JANETH,ESPINAL,MORENO,APROBADA,SI
DIPUTADO,JUANA ESTEFANIA,LINCOLAO,LINCHEO,APROBADA,SI
DIPUTADO,MACARENA ALEJANDRA,PIZARRO,VILLARROEL,APROBADA,NO
DIPUTADO,ANTONIO IGNACIO,SAAVEDRA,GUTIERREZ,APROBADA,SI
DIPUTADO,MARIANELA PAOLA,MOLINA,MANSILLA,APROBADA,SI
DIPUTADO,JULIO FRANCISCO,ÑANCO,ANTILEF,APROBADA,SI
DIPUTADO,NINOSKA DEL PILAR,GALLARDO,PERALTA,APROBADA,SI